key,en,zh-Hans,zh-Hant,af,ar,ca,de,el,es,fi,fr,ga,hi,hr,hu,id,it,ja,ko,nl,no,pl,pt,ro,ru,sr,sv,sw,th,tr,vi
msg.discover_the_power_of_comprehensible_input,Discover the power of Comprehensible Input through hundreds of thousands of videos in over 100 languages.,通过 100 多种语言的数十万个视频发现可理解输入的强大功能。,通過100多種語言的數十萬個視頻發現可理解輸入的強大功能。,Ontdek die krag van verstaanbare insette deur honderdduisende video's in meer as 100 tale.,اكتشف قوة الإدخال المفهوم من خلال مئات الآلاف من مقاطع الفيديو بأكثر من 100 لغة.,Descobreix el poder de l'entrada comprensible a través de centenars de milers de vídeos en més de 100 idiomes.,Entdecken Sie die Leistungsfähigkeit von Comprehensible Input durch Hunderttausende von Videos in über 100 Sprachen.,Ανακαλύψτε τη δύναμη της Κατανοητής Εισόδου μέσα από εκατοντάδες χιλιάδες βίντεο σε περισσότερες από 100 γλώσσες.,Descubra el poder de la entrada comprensible a través de cientos de miles de videos en más de 100 idiomas.,Tutustu ymmärrettävän syötteen voimaan satojen tuhansien videoiden avulla yli 100 kielellä.,Découvrez la puissance de l’entrée compréhensible à travers des centaines de milliers de vidéos dans plus de 100 langues.,Faigh amach an chumhacht ionchur sothuigthe trí na céadta mílte físeán i níos mó ná 100 teanga.,100 से अधिक भाषाओं में सैकड़ों हजारों वीडियो के माध्यम से बोधगम्य इनपुट की शक्ति की खोज करें।,Otkrijte moć razumljivog unosa kroz stotine tisuća videozapisa na više od 100 jezika.,Fedezze fel az érthető bevitel erejét több százezer videón keresztül több mint 100 nyelven.,Temukan kekuatan Comprehensible Input melalui ratusan ribu video dalam lebih dari 100 bahasa.,Scopri la potenza di Comprehensible Input attraverso centinaia di migliaia di video in oltre 100 lingue.,100以上の言語で書かれた何十万ものビデオを通して、Comprehensible Inputの力を発見してください。,100개 이상의 언어로 된 수십만 개의 비디오를 통해 Comprehensible Input의 힘을 발견하십시오.,Ontdek de kracht van Comprehensible Input door middel van honderdduizenden video's in meer dan 100 talen.,Oppdag kraften i forståelige inndata gjennom hundretusenvis av videoer på over 100 språk.,Odkryj moc zrozumiałego wprowadzania danych dzięki setkom tysięcy filmów w ponad 100 językach.,Descubra o poder da Entrada Compreensível através de centenas de milhares de vídeos em mais de 100 idiomas.,Descoperiți puterea informațiilor de intrare inteligibile prin sute de mii de videoclipuri în peste 100 de limbi.,Откройте для себя мощь понятного ввода с помощью сотен тысяч видеороликов на более чем 100 языках.,Otkrijte moć razumljivog unosa kroz stotine hiljada video zapisa na preko 100 jezika.,Upptäck kraften i begriplig inmatning genom hundratusentals videor på över 100 språk.,Gundua nguvu ya Ingizo linaloeleweka kupitia mamia ya maelfu ya video katika lugha zaidi ya 100.,ค้นพบพลังของ Comprehensible Input ผ่านวิดีโอหลายแสนรายการในกว่า 100 ภาษา,100'den fazla dilde yüz binlerce video aracılığıyla Anlaşılabilir Girişin gücünü keşfedin.,Khám phá sức mạnh của Nhập liệu dễ hiểu thông qua hàng trăm nghìn video bằng hơn 100 ngôn ngữ.
msg.dont_have_an_account,Don't have an account?,没有帐户？,沒有帳戶？,Het jy nie 'n rekening nie?,ليس لديك حساب؟,No tens compte?,Sie haben noch kein Konto?,Δεν έχετε λογαριασμό;,¿No tienes una cuenta?,Eikö sinulla ole tiliä?,Vous n’avez pas de compte ?,Nach bhfuil cuntas agat?,क्या आपके पास खाता नहीं है?,Nemate račun?,Még nincs fiókja?,Belum punya akun?,Non hai un account?,アカウントをお持ちではありませんか?,계정이 없으신가요?,Heb je nog geen account?,Har du ikke en konto?,Nie masz konta?,Não tem uma conta?,Nu aveți un cont?,У вас нет аккаунта?,Nemate nalog?,Har du inget konto?,Huna account?,ยังไม่มีบัญชี?,Hesabınız yok mu?,Bạn chưa có tài khoản?
title.email,Email,电子邮件,電子郵件,E-pos,البريد الإلكتروني,Correu electrònic,E-Mail,Email,Correo electrónico,Sähköposti,Messagerie électronique,Ríomhphost,ईमेल,E-pošta,E-mail,Email,E-mail,電子メール,메일 주소,E-mail,E-post,E-mail,Email,E-mail,Отправить по электронной почте,E-pošta,E-post,Barua pepe,อีเมล,E-posta,Email
msg.enrich_your_language_learning_journey,Enrich your language-learning journey,丰富您的语言学习之旅,豐富您的語言學習之旅,Verryk jou taalleerreis,إثراء رحلة تعلم اللغة الخاصة بك,Enriqueix el teu viatge d'aprenentatge d'idiomes,Bereichern Sie Ihre Sprachlernreise,Εμπλουτίστε το ταξίδι εκμάθησης γλωσσών,Enriquezca su viaje de aprendizaje de idiomas,Rikastuta kieltenoppimismatkaasi,Enrichissez votre parcours d’apprentissage des langues,Saibhrigh do thuras foghlama teanga,अपनी भाषा-सीखने की यात्रा को समृद्ध करें,Obogatite svoje putovanje učenja jezika,Gazdagítsa nyelvtanulási útját,Perkaya perjalanan belajar bahasa Anda,Arricchisci il tuo percorso di apprendimento linguistico,語学学習の旅を豊かに,언어 학습 여정 풍요로움,Verrijk uw taalleertraject,Berik språklæringsreisen din,Wzbogać swoją podróż do nauki języka,Enriqueça a sua jornada de aprendizagem de idiomas,Îmbogățiți-vă călătoria de învățare a limbilor străine,Обогатите свое путешествие по изучению языка,Obogatite svoje putovanje učenjem jezika,Berika din språkinlärningsresa,Boresha safari yako ya kujifunza lugha,เติมเต็มเส้นทางการเรียนภาษาของคุณ,Dil öğrenme yolculuğunuzu zenginleştirin,Làm phong phú thêm hành trình học ngôn ngữ của bạn
msg.forgot_password,Forgot password?,忘记密码？,忘記密碼？,Wagwoord vergeet?,نسيت كلمة المرور؟,Has oblidat la contrasenya?,Passwort vergessen?,Ξεχάσατε τον κωδικό πρόσβασης;,¿Olvidó su contraseña?,Unohtuiko salasana?,Mot de passe oublié ?,Dearmad déanta ar phasfhocal?,पासवर्ड भूल गए?,Zaboravili ste lozinku?,Elfelejtett jelszó?,Lupa kata sandi?,Hai dimenticato la password?,パスワードをお忘れですか?,비밀번호를 잊으셨나요?,Wachtwoord vergeten?,Glemt passord?,Nie pamiętasz hasła?,Esqueceu a senha?,Ai uitat parola?,Забыли пароль?,Zaboravili ste lozinku?,Glömt lösenordet?,Umesahau nywila?,ลืมรหัสผ่าน?,Şifrenizi mi unuttunuz?,Quên mật khẩu?
title.login,Login,登录,登錄,Aanteken,تسجيل الدخول,Connexió,Einloggen,Σύνδεση,Iniciar sesión,Sisäänkirjautuminen,Connectez-vous,Logáil isteach,लॉगिन,Prijava,Bejelentkezés,Login,Accesso,ログイン,로그인,Inloggen,Pålogging,Login,Login,Login,Логин,Prijavljivanje,Logga in,Kuingia,เข้า สู่ ระบบ,Oturum açma,Đăng nhập
title.next,Next,下一个,下一個,Volgende,مقبل,Proper,Nächster,Επόμενος,Próximo,Seuraava,Prochain,Ar Aghaidh,अगला,Sljedeći,Következő,Depan,Prossimo,次に,다음,Volgend,Neste,Następny,Próximo,Următor,Следующий,Sledeжi,Nästa,Ijayo,ต่อไป,Önümüzdeki,Sau
msg.or_login_with,Or login with:,或使用以下方式登录：,或使用以下方式登入：,Of meld aan met:,أو تسجيل الدخول باستخدام:,O inicieu sessió amb:,Oder melden Sie sich an mit:,Ή συνδεθείτε με:,O inicie sesión con:,Tai kirjaudu sisään:,Ou connectez-vous avec :,Nó logáil isteach le:,या इसके साथ लॉगिन करें:,Ili se prijavite s:,Vagy jelentkezzen be:,Atau login dengan:,Oppure accedi con:,または、以下でログインします。,또는 다음으로 로그인하십시오.,Of log in met:,Eller logg inn med:,Lub zaloguj się za pomocą:,Ou faça login com:,Sau conectați-vă cu:,Или войдите в систему с помощью:,Ili se prijavite sa:,Eller logga in med:,Au kuingia na:,หรือเข้าสู่ระบบด้วย:,Veya şununla giriş yapın:,Hoặc đăng nhập bằng:
title.password,Password,密码,密碼,Wagwoord,شعار,Contrasenya,Passwort,Κωδικός πρόσβασης,Contraseña,Salasana,Mot de passe,Pasfhocal,पासवर्ड,Lozinka,Jelszó,Kata sandi,Parola d’ordine,パスワード,암호,Wachtwoord,Passord,Hasło,Senha,Parolă,Пароль,Lozinku,Lösenord,Nywila,รหัสผ่าน,Parola,Mật khẩu
title.register,Register,注册,註冊,Register,سجل,Registrar,Registrieren,Εγγράψου,Registro,Rekisteröidy,Registre,Cláraigh,पंजीकृत करें,Registar,Regisztráció,Daftar,Registro,登録する,등록기,Registreren,Registrering,Rejestrować,Registro,Înregistrează-te,Регистрировать,Registrujete,Registrera dig,Kujiandikisha,ลงทะเบียน,Kaydolmak,Đăng ký
title.start_learning,Start Learning,开始学习,開始學習,Begin leer,ابدأ التعلم,Comença a aprendre,Beginnen Sie zu lernen,Ξεκινήστε να μαθαίνετε,Empieza a aprender,Aloita oppiminen,Commencez à apprendre,Tosaigh Foghlaim,सीखना शुरू करें,Započnite učenje,Kezdje el a tanulást,Mulai Belajar,Inizia a imparare,学習を始める,학습 시작하기,Begin met leren,Begynn å lære,Rozpocznij naukę,Comece a aprender,Începeți să învățați,Начать обучение,Započni učenje,Börja lära dig,Anza Kujifunza,เริ่มเรียนรู้,Öğrenmeye Başla,Bắt đầu học
msg.what_your_first_language,What’s your first language?,你的第一语言是什么？,你的第一語言是什麼？,Wat is jou eerste taal?,ما هي لغتك الأولى؟,Quin és el teu primer idioma?,Was ist Ihre Muttersprache?,Ποια είναι η πρώτη σας γλώσσα;,¿Cuál es tu lengua materna?,Mikä on ensimmäinen kielesi?,Quelle est votre langue maternelle ?,Cad í do chéad teanga?,आपकी पहली भाषा क्या है?,Koji ti je prvi jezik?,Mi az első nyelve?,Apa bahasa pertama Anda?,Qual è la tua prima lingua?,あなたの母国語は何ですか?,당신의 모국어는 무엇입니까?,Wat is je eerste taal?,Hva er ditt morsmål?,Jaki jest Twój pierwszy język?,Qual é a sua primeira língua?,Care este prima ta limbă?,Какой у вас родной язык?,Koji ti je prvi jezik?,Vilket är ditt första språk?,Lugha yako ya kwanza ni ipi?,ภาษาแรกของคุณคืออะไร?,İlk diliniz nedir?,Ngôn ngữ đầu tiên của bạn là gì?
title.choose_language,Choose Language,选择语言,選擇語言,Kies Taal,اختر اللغة,Tria l'idioma,Sprache wählen,Επιλέξτε Γλώσσα,Elegir idioma,Valitse kieli,Choisissez la langue,Roghnaigh Teanga,भाषा चुनें,Odabir jezika,Válasszon nyelvet,Pilih Bahasa,Scegli la lingua,言語を選択,언어 선택,Taal kiezen,Velg språk,Wybierz język,Escolha o idioma,Alege limba,Выберите язык,Odaberi jezik,Välj språk,Chagua Lugha,เลือกภาษา,Dil Seçiniz,Chọn ngôn ngữ
title.continue_learning,Continue Learning {{l2Code}},继续学习 {{l2Code}},繼續學習 {{l2Code}},Continue Learning {{l2Code}},مواصلة التعلم {{l2Code}},Continuar aprenent {{l2Code}},Lernen Sie weiter {{l2Code}},Συνεχίστε να μαθαίνετε {{l2Code}},Seguir aprendiendo {{l2Code}},Jatka oppimista {{l2Code}},Continuer à apprendre {{l2Code}},Lean ar aghaidh ag foghlaim {{l2Code}},सीखना जारी रखें {{l2Code}},Nastavi učiti {{l2Code}},Folytassa a tanulást {{l2Code}},Lanjutkan Belajar {{l2Code}},Continua ad imparare {{l2Code}},学習を続ける {{l2Code}},계속 학습하기 {{l2Code}},Doorgaan met leren {{l2Code}},Fortsett å lære {{l2Code}},Kontynuuj naukę {{l2Code}},Continue aprendendo {{l2Code}},Continuați să învățați {{l2Code}},Продолжить обучение {{l2Code}},Continue Learning {{l2Code}},Fortsätt lära dig {{l2Code}},Endelea Kujifunza {{l2Code}},เรียนรู้ต่อไป {{l2Code}},Öğrenmeye Devam Et {{l2Code}},Tiếp tục học {{l2Code}}
title.account,Account,帐户,帳戶,Rekening,حساب,Compte,Konto,Λογαριασμός,Cuenta,Tili,Compte,Cuntas,खाता,Račun,Számla,Rekening,Conto,アカウント,계좌,Rekening,Konto,Rachunek,Conta,Cont,Счет,Nalog,Konto,Akaunti,บัญชี,Hesap,Tài khoản
title.logout,Logout,注销,註銷,Afmelding,الخروج,Logout,Abmeldung,Αποσύνδεση,Cerrar sesión,Uloskirjaus,Déconnexion,Logáil amach,लॉगआउट,Odjava,Jel,Logout,Logout,ログアウト,로그아웃,Logout,Logout,Wyloguj,Logout,Deconectare,Выход,Odjavljivanje,Utloggning,Kuingia,ออกจากระบบ,Oturum kapatma,Đăng xuất
title.delete_my_account,Delete My Account,删除我的帐户,刪除我的帳戶,Vee my rekening uit,حذف حسابي,Eliminar el meu compte,Mein Konto löschen,Διαγραφή του λογαριασμού μου,Eliminar mi cuenta,Poista tilini,Supprimer mon compte,Scrios Mo Chuntas,मेरा खाता हटाएं,Izbriši moj račun,Saját fiók törlése,Hapus Akun Saya,Elimina il mio account,マイアカウントの削除,내 계정 삭제,Mijn account verwijderen,Slett kontoen min,Usuń moje konto,Excluir minha conta,Ștergere cont,Удалить мою учетную запись,Izbriši moj nalog,Ta bort mitt konto,Futa Akaunti Yangu,ลบบัญชีของฉัน,Hesabımı Sil,Xóa tài khoản của tôi
title.privacy_policy,Privacy Policy,隐私策略,隱私策略,Privaatheidsbeleid,سياسة الخصوصية,Política de privacitat,Datenschutzrichtlinie,Πολιτική Απορρήτου,Política de privacidad,Tietosuojakäytäntö,Politique de confidentialité,Polasaí Príobháideachais,गोपनीयता नीति,Privatnosti,Adatvédelem,Kebijakan Privasi,Informativa sulla privacy,プライバシーポリシー,개인정보처리방침,Privacybeleid,Personvernpolicy,Polityka prywatności,Política de privacidade,Politica de confidențialitate,Политика конфиденциальности,Politika privatnosti,Integritetspolicy,Sera ya faragha,นโยบายความเป็นส่วนตัว,Gizlilik Politikası,Chính sách bảo mật
title.current_plan,Current Plan,当前计划,當前計劃,Huidige plan,الخطة الحالية,Pla actual,Aktueller Plan,Τρέχον σχέδιο,Plan actual,Nykyinen suunnitelma,Plan actuel,Plean Reatha,वर्तमान योजना,Trenutni plan,Jelenlegi terv,Paket Saat Ini,Piano attuale,現在の計画,현재 계획,Huidig plan,Gjeldende plan,Bieżący plan,Plano atual,Planul curent,Текущий план,Trenutni plan,Nuvarande plan,Mpango wa sasa,แผนปัจจุบัน,Mevcut Plan,Kế hoạch hiện tại
title.best_value,Best Value,最超值,最超值,Beste waarde,أفضل قيمة,Millor relació qualitat-preu,Bestes Preis-Leistungs-Verhältnis,Καλύτερη αξία,Mejor Valor,Paras hinta-laatusuhde,Meilleur rapport qualité-prix,Luach is Fearr,सबसे अच्छा मूल्य,Najbolja vrijednost,Legjobb ár-érték arány,Nilai terbaik,Miglior rapporto qualità-prezzo,ベストバリュー,가성비 최고,Beste prijs-kwaliteitverhouding,Mest for pengene,Najlepszy stosunek jakości do ceny,Melhor valor,Cea mai bună valoare,Лучшее соотношение цены и качества,Najbolja vrednost,Bästa värde,Thamani Bora,คุ้มค่าที่สุด,En İyi Değer,Giá trị tốt nhất
action.upgrade,Upgrade,升级,升級,Opgradering,ترقيه,Rampa,Upgrade,Αναβαθμίζω,Actualizar,Päivittää,Mise à niveau,Uasghrádú,अपग्रेड,Nadograditi,Feljavít,Upgrade,Aggiornamento,アップグレード,업그레이드,Opwaarderen,Oppgradere,Upgrade,Melhoramento,Face upgrade,Модернизировать,Nadogradnju,Uppgradera,Kuboresha,อัพ เกรด,Yükseltmek,Nâng cấp
action.cancel,Cancel,取消,取消,Kanselleer,إلغاء الأمر,Cancel·lar,Abbrechen,Ακυρώνω,Cancelar,Perua,Annuler,Cuir ar ceal,रद्द करना,Otkazati,Érvénytelenít,Membatalkan,Annulla,キャンセル,취소,Annuleren,Annullere,Anuluj,Cancelar,Anula,Отмена,Otkaži,Annullera,Katisha,ยกเลิก,İptal,Hủy
msg.confirm_cancel_subscription,Are you sure you want to cancel your subscription?,您确定要取消订阅吗？,您確定要取消訂閱嗎？,Is jy seker jy wil jou intekening kanselleer?,هل أنت متأكد من رغبتك في إلغاء اشتراكك؟,Estàs segur que vols cancel·lar la teva subscripció?,"Sind Sie sicher, dass Sie Ihr Abonnement kündigen möchten?",Είστε βέβαιοι ότι θέλετε να ακυρώσετε τη συνδρομή σας;,¿Estás seguro de que quieres cancelar tu suscripción?,Haluatko varmasti peruuttaa tilauksesi?,Êtes-vous sûr de vouloir résilier votre abonnement ?,An bhfuil tú cinnte go bhfuil fonn ort do shíntiús a chealú?,क्या आप वाकई अपनी सदस्यता रद्द करना चाहते हैं?,Jeste li sigurni da želite otkazati pretplatu?,Biztosan le szeretné mondani az előfizetését?,Apakah Anda yakin ingin membatalkan langganan Anda?,Sei sicuro di voler annullare l'abbonamento?,サブスクリプションをキャンセルしてもよろしいですか?,구독을 취소하시겠습니까?,Weet je zeker dat je je abonnement wilt opzeggen?,Er du sikker på at du vil si opp abonnementet?,Czy na pewno chcesz anulować subskrypcję?,Tem certeza de que deseja cancelar sua assinatura?,Sigur doriți să vă anulați abonamentul?,"Вы уверены, что хотите отменить подписку?",Želite li zaista da otkažete pretplatu?,Är du säker på att du vill säga upp din prenumeration?,Una uhakika unataka kughairi usajili wako?,คุณแน่ใจหรือไม่ว่าต้องการยกเลิกการสมัครสมาชิกของคุณ?,Aboneliğinizi iptal etmek istediğinizden emin misiniz?,Bạn có chắc chắn muốn hủy đăng ký của mình không?
action.confirm_cancellation,Confirm Cancellation,确认取消,確認取消,Bevestig kansellasie,تأكيد الإلغاء,Confirmeu la cancel·lació,Stornierung bestätigen,Επιβεβαίωση ακύρωσης,Confirmar cancelación,Vahvista peruutus,Confirmer l’annulation,Deimhnigh cealú,रद्द करने की पुष्टि करें,Potvrda otkazivanja,Lemondás megerősítése,Konfirmasi Pembatalan,Conferma cancellazione,キャンセルの確認,취소 확인,Annulering bevestigen,Bekreft kansellering,Potwierdź anulowanie,Confirme o cancelamento,Confirmați anularea,Подтвердить отмену,Potvrda otkazivanja,Bekräfta avbokning,Thibitisha Kughairi,ยืนยันการยกเลิก,İptali Onayla,Xác nhận hủy
action.keep_subscription,Keep Subscription,保持订阅,保持訂閱,Hou intekening,حافظ على الاشتراك,Mantenir subscripció,Abonnement beibehalten,Διατήρηση συνδρομής,Mantener la suscripción,Pidä tilaus,Conserver l’abonnement,Coinnigh Síntiús,सदस्यता रखें,Zadrži pretplatu,Előfizetés megtartása,Tetap Berlangganan,Mantieni l'abbonamento,サブスクリプションを維持する,구독 유지,Abonnement behouden,Behold abonnement,Zachowaj subskrypcję,Manter assinatura,Păstrați abonamentul,Сохранить подписку,Zadrži pretplatu,Behåll prenumeration,Weka Usajili,สมัครสมาชิกต่อไป,Aboneliği Koru,Giữ đăng ký
msg.no_active_subscription,No active subscription found.,未找到活动订阅。,未找到活動訂閱。,Geen aktiewe intekening gevind nie.,لم يتم العثور على اشتراك نشط.,No s'ha trobat cap subscripció activa.,Kein aktives Abonnement gefunden.,Δεν βρέθηκε ενεργή συνδρομή.,No se ha encontrado ninguna suscripción activa.,Aktiivista tilausta ei löytynyt.,Aucun abonnement actif n’a été trouvé.,Níor aimsíodh aon síntiús gníomhach.,कोई सक्रिय सदस्यता नहीं मिली.,Nije pronađena aktivna pretplata.,Nem található aktív előfizetés.,Tidak ada langganan aktif yang ditemukan.,Nessuna sottoscrizione attiva trovata.,アクティブなサブスクリプションが見つかりませんでした。,활성 구독을 찾을 수 없습니다.,Geen actief abonnement gevonden.,Finner ikke noe aktivt abonnement.,Nie znaleziono aktywnej subskrypcji.,Nenhuma assinatura ativa encontrada.,Nu a fost găsit niciun abonament activ.,Активная подписка не найдена.,Aktivna pretplata nije pronađena.,Ingen aktiv prenumeration hittades.,Hakuna usajili amilifu uliopatikana.,ไม่พบการสมัครสมาชิกที่ใช้งานอยู่,Etkin abonelik bulunamadı.,Không tìm thấy đăng ký đang hoạt động.
msg.loading,Loading...,装载。。。,裝載。。。,Laai tans...,تحميل...,Càrrega...,Laden...,Φόρτωση...,Carga...,Lastaaminen...,Chargement...,Á Luchtú...,लोड।।।,Učitavanje...,Berakás...,Loading...,Caricamento...,積載。。。,로드...,Laden...,Lasting...,Ładowania...,Carregamento...,Încărcare...,Погрузка...,Učitavanje...,Lastning...,Kupakia...,การโหลด   ,Yükleme...,Tải...
msg.auto_renews_in,Auto renews in {{days}} days,{{days}} 天自动续订,{{days}} 天自動續訂,Auto renews in {{days}} dae,التجديد التلقائي في {{days}} أيام,Es renova automàticament en {{days}} dies,Automatische Verlängerung in {{days}} Tagen,Αυτόματη ανανέωση σε {{days}} ημέρες,Se renueva automáticamente en {{days}} días,Automaattinen uusiminen {{days}} päivässä,Renouvellement automatique en {{days}} jours,Auto renews in {{days}} days,{{days}} दिनों में ऑटो नवीनीकरण,Automatsko obnavljanje u {{days}} dana,Automatikus megújítás {{days}} nap múlva,Perpanjang otomatis dalam {{days}} hari,Rinnovo automatico in {{days}} giorni,{{days}日で自動更新,{{days}}일 후에 자동 갱신,Wordt automatisch verlengd in {{days}} dagen,Automatisk fornyelse på {{days}} dager,Automatyczne odnawianie za {{days}} dni,Renovação automática em {{days}} dias,Reînnoiri automate în {{days}} zile,Автоматическое продление через {{days}} дней,Automatsko obnavljanje u {{days}} dana,Förnyas automatiskt om {{days}} dagar,Kusasisha kiotomatiki katika siku {{days}},ต่ออายุอัตโนมัติใน {{days}} วัน,{{days}} gün içinde otomatik yenileme,Tự động gia hạn sau {{days}} ngày
msg.expires_in,Expires in {{days}} days,过期后 {{days}} 天,過期后 {{days}} 天,Verval in {{days}} dae,تنتهي صلاحيتها بعد {{days}} يوم,Caduca en {{days}} dies,Läuft in {{days}} Tagen ab,Λήγει σε {{days}} ημέρες,Caduca en {{days}} días,Vanhenee {{days}} päivässä,Expire dans {{days}} jours,Expires in {{days}} days,{{days}} दिनों में समाप्त हो रहा है,Istječe za {{days}} dana,{{days}} nap múlva lejár,Kedaluwarsa dalam {{days}} hari,Scade tra {{days}} giorni,有効期限 {{days}} 日,{{days}} 일 후에 만료됩니다.,Verloopt over {{days}} dagen,Utløper om {{days}} dager,Wygasa za {{days}} dni,Expira em {{days}} dias,Expiră în {{days}} zile,Срок действия истекает через {{days}} дней,Ističe u {{days}} dana,Går ut om {{days}} dagar,Inaisha katika siku {{days}},หมดอายุใน {{days}} วัน,{{days}} gün içinde sona eriyor,Hết hạn sau {{days}} ngày
title.monthly,Monthly,每月,每月,Maandeliks,شهرياً,Mensual,Montalich,Μηνιαία,Mensual,Kuukausittain,Mensuel,Míosúil,मासिक,Mjesečno,Havi,Sebulan,Mensile,毎月,매월,Maandelijks,Månedlig,Miesięcznie,Mensal,Lunar,Ежемесячно,Mesečno,Månadsvis,Kila mwezi,Hàng tháng,Aylık,Nguyệt san
title.annual,Annual,年度,年度,Jaarliks,سنوياً,Anual,Jährlich,Ετήσια,Anual,Vuosittain,Annuel,Bliana,वार्षिक,Godišnje,Éves,Tahunan,Annuale,毎年,매년,Jaarlijks,Årlig,Rocznie,Anual,Anual,Ежегодно,Godišnje,Årligen,Kila mwaka,Hàng năm,Yıllık,Thường niên
title.lifetime,Lifetime,终身,終身,Leeftyd,مدى الحياة,De per vida,Lebenslang,Εφικτή,De por vida,Elinikäinen,À vie,Anam,जीवनकाल,Doživotno,Életre szól,Seumur hidup,A vita,生涯,평생,Levenslang,Livstid,Dożywotnio,Vitalício,Pe viață,Пожизненно,Doživotno,Livstid,Maisha yote,Suốt đời,Ömür,Đời
title.trial,Trial,试用,試用,Proeflopie,تجربة,Prova,Probe,Δοκιμή,Prueba,Kokeilu,Période d’essai,Trial,परीक्षण,Probni,Próba,Uji coba,Prova,トライアル,시험,Proefperiode,Prøveperiode,Okres próbny,Trial,Încercare,Испытание,Probni,Provperiod,Jaribio,Thử nghiệm,Deneme,Thử nghiệm
placeholder.first_name,First,名字,名字,Voornaam,الاسم الأول,Primer nom,Vorname,Όνομα,Nombre,Etunimi,Prénom,Ainm,पहला,Ime,Először,Nama depan,Primo,ファースト,이름,Voornaam,Fornavn,Imię,Primeiro,Prenume,Имя,Ime,Förnamn,Jina la kwanza,ชื่อจริง,İsim,Tên
placeholder.last_name,Last,姓,姓,Achternaam,الاسم الأخير,Cognom,Name,Επώνυμο,Apellido,Sukunimi,Nom de famille,Ainm deiridh,अंतिम,Prezime,Vezetéknév,Nama belakang,Cognome,ラスト,성,Naam,Achternavn,Nazwisko,Sobrenome,Nume,Фамилия,Prezime,Efternamn,Jina la mwisho,นามสกุล,Soyadı,Họ
placeholder.email,Email,电子邮件,電子郵件,E-pos,البريد الإلكتروني,Correu electrònic,E-Mail,Ηλεκτρονικό ταχυδρομείο,Correo electrónico,Sähköposti,Adresse e-mail,Ríomhphost,ईमेल,Email,Email,Email,Email,メール,이메일,Email,E-post,Email,Email,Email,Почта,Email,E-post,Barua pepe,อีเมล,E-posta,Email
placeholder.password,Password,密码,密碼,Wagwoord,كلمة السر,Contrasenya,Passwort,Κωδικός πρόσβασης,Contraseña,Salasana,Mot de passe,Pasfhocal,पासवर्ड,Lozinka,Jelszó,Kata sandi,Parola d’ordine,パスワード,암호,Wachtwoord,Passord,Hasło,Senha,Parolă,Пароль,Lozinka,Lösenord,Nywila,รหัสผ่าน,Parola,Mật khẩu
placeholder.confirm_password,Confirm Password,确认密码,確認密碼,Bevestig wagwoord,تأكيد كلمة المرور,Confirma la contrasenya,Passwort bestätigen,Επιβεβαίωση κωδικού πρόσβασης,Confirmar contraseña,Vahvista salasana,Confirmer le mot de passe,Deimhnigh an Pasfhocal,पासवर्ड की पुष्टि करें,Potvrdi lozinku,Jelszó megerősítése,Konfirmasi Kata Sandi,Conferma password,パスワードを確認,암호 확인,Wachtwoord bevestigen,Bekreft passord,Potwierdź hasło,Confirmar senha,Confirmă parola,Подтвердите пароль,Potvrdi lozinku,Bekräfta lösenord,Thibitisha Nywila,ยืนยันรหัสผ่าน,Xác nhận mật khẩu,Xác nhận mật khẩu
action.register,Register,注册,註冊,Registreer,سجل,Registrar,Registrieren,Εγγραφή,Registro,Rekisteröidy,Inscription,Cláraigh,रजिस्टर,Registrirajte se,Regisztráció,Registrasi,Registro,登録,등록,Registreren,Registrer deg,Zarejestruj się,Registrar,Înregistrare,Регистрация,Registrujte se,Registrera dig,Jisajili,ลงทะเบียน,Kayıt ol,Đăng ký
msg.or_register_with,Or register with:,或使用以下方式注册：,或使用以下方式註冊：,Of registreer met:,أو سجل بواسطة:,O registrau amb:,Oder registrieren Sie sich mit:,Ή εγγραφείτε με:,O registra con:,Tai rekisteröidy:,Ou inscrivez-vous avec :,Nó cláraigh le:,या इसके साथ रजिस्टर करें:,Ili se registrirate s:,Vagy regisztráljon:,Atau daftar dengan:,Oppure registrati con:,または、以下で登録します。,또는 다음으로 등록하십시오.,Of registreer met:,Eller registrer deg med:,Lub zarejestruj się za pomocą:,Ou registre-se com:,Sau înregistrați-vă cu:,Или зарегистрируйтесь с помощью:,Ili se registrirajte sa:,Eller registrera dig med:,Aujiandikisha na:,หรือลงทะเบียนด้วย:,Veya şununla kaydolun:,Hoặc đăng ký bằng:
msg.already_have_account,Already have an account?,已经有账户？,已經有帳戶？,Het u reeds 'n rekening?,هل لديك حساب بالفعل؟,Ja tens un compte?,Haben Sie bereits ein Konto?,Έχετε ήδη λογαριασμό;,¿Ya tienes una cuenta?,Onko sinulla jo tili?,Déjà un compte?,An bhfuil cuntas agat cheana féin?,क्या आपके पास पहले से ही खाता है?,Već imate račun?,Már van fiókja?,Sudah punya akun?,Hai già un account?,アカウントをお持ちですか？,이미 계정이 있으신가요?,Heeft u al een account?,Har du allerede en konto?,Masz już konto?,Já tem uma conta?,Aveți deja un cont?,У вас уже есть учетная запись?,Već imate nalog?,Har du redan ett konto?,Tayari una akaunti?,คุณมีบัญชีอยู่แล้วหรือไม่?,Zaten bir hesabınız var mı?,Bạn đã có tài khoản chưa?
action.login,Login,登录,登錄,Aanteken,تسجيل الدخول,Connexió,Einloggen,Σύνδεση,Iniciar sesión,Sisäänkirjautuminen,Connectez-vous,Logáil isteach,लॉगिन,Prijava,Bejelentkezés,Login,Accesso,ログイン,로그인,Inloggen,Pålogging,Login,Login,Login,Логин,Prijavljivanje,Logga in,Kuingia,เข้า สู่ ระบบ,Oturum açma,Đăng nhập
error.passwords_do_not_match,Passwords do not match,密码不匹配,密碼不匹配,Wagwoorde stem nie ooreen nie,كلمات المرور غير متطابقة,Les contrasenyes no coincideixen,Passwörter stimmen nicht überein,Οι κωδικοί πρόσβασης δεν ταιριάζουν,Las contraseñas no coinciden,Salasanat eivät täsmää,Les mots de passe ne correspondent pas,Níl na pasfhocail comhtháite,पासवर्ड मेल नहीं खाते,Lozinke se ne podudaraju,A jelszavak nem egyeznek,Kata sandi tidak cocok,Le password non corrispondono,パスワードが一致しません,비밀번호가 일치하지 않습니다,Wachtwoorden komen niet overeen,Passordene stemmer ikke overens,Hasła nie pasują,Senhas não correspondem,Parolele nu se potrivesc,Пароли не совпадают,Lozinke se ne podudaraju,Lösenorden matchar inte,Maneno ya siri hayalingani,Mật khẩu không khớp,Şifreler eşleşmiyor,Mật khẩu không khớp
error.registration_failed,Registration failed,注册失败,註冊失敗,Registrasie het misluk,فشل التسجيل,El registre ha fallat,Registrierung fehlgeschlagen,Η εγγραφή απέτυχε,Registro fallido,Rekisteröinti epäonnistui,Inscription échouée,Níor éirigh le clárú,पंजीकरण विफल हुआ,Registracija nije uspjela,A regisztráció sikertelen,Registrasi gagal,Registrazione fallita,登録に失敗しました,등록에 실패했습니다,Registratie mislukt,Registreringen mislyktes,Rejestracja nie powiodła się,Registro falhou,Înregistrarea a eșuat,Регистрация не удалась,Registracija nije uspela,Registreringen misslyckades,Kusajiliwa kushindwa,การลงทะเบียนล้มเหลว,Kayıt başarısız oldu,Đăng ký thất bại
title.verify_your_email,Verify Your Email,验证您的邮箱,验证您的邮箱,Verifieer jou e-pos,تحقق من بريدك الإلكتروني,Verifica el teu correu electrònic,Bestätigen Sie Ihre E-Mail,Επιβεβαιώστε το email σας,Verifica tu correo electrónico,Vahvista sähköpostisi,Vérifiez votre e-mail,Deimhnigh do ríomhphost,अपना ईमेल सत्यापित करें,Potvrdite svoj e-mail,Megerősítse az e-mail címét,Konfirmasikan Email Anda,Verifica la tua email,メールアドレスを確認してください,이메일 확인,Bevestig uw e-mail,Verifiser e-posten din,Potwierdź swój adres e-mail,Verifique seu e-mail,Verificați-vă e-mailul,Подтвердите свой адрес электронной почты,Potvrdite svoj e-mail,Bekräfta din e-postadress,Thibitisha Barua pepe yako,Hãy xác minh email của bạn,E-postanızı doğrulayın,Xác minh email của bạn
msg.enter_verification_code,Please enter the verification code sent to the email,请输入发送到以下邮箱的验证码,請輸入發送到以下郵箱的驗證碼,Voer asseblief die verifikasiekode in wat na die e-pos gestuur is,يرجى إدخال رمز التحقق المرسل إلى البريد الإلكتروني,"Si us plau, introdueix el codi de verificació enviat al correu electrònic","Bitte geben Sie den Bestätigungscode ein, der an die E-Mail gesendet wurde.",Εισαγάγετε τον κωδικό επαλήθευσης που στάλθηκε στο email,Ingrese el código de verificación enviado al correo electrónico,Anna sähköpostiin lähetetty vahvistuskoodi,Veuillez saisir le code de vérification envoyé par e-mail,Cuir isteach an cód fíoraithe a sheoltar chuig an ríomhphost,कृपया ईमेल पर भेजा गया सत्यापन कोड दर्ज करें,Unesite kontrolni kôd poslan na e-poštu,"Kérjük, adja meg az e-mailre küldött ellenőrző kódot",Silakan masukkan kode verifikasi yang dikirim ke email,Inserisci il codice di verifica inviato all'e-mail,メールに送信された認証コードを入力してください,이메일로 전송된 인증 코드를 입력하세요.,Voer de verificatiecode in die naar de e-mail is verzonden,Vennligst skriv inn bekreftelseskoden som ble sendt til e-posten,Wprowadź kod weryfikacyjny wysłany na adres e-mail,Insira o código de verificação enviado para o e-mail,Vă rugăm să introduceți codul de verificare trimis la e-mail,"Пожалуйста, введите код подтверждения, отправленный на электронную почту",Unesite verifikacioni kôd poslat na e-mail,Ange verifieringskoden som skickades till e-postmeddelandet,Tafadhali ingiza msimbo wa uthibitishaji uliotumwa kwa barua pepe,โปรดป้อนรหัสยืนยันที่ส่งไปยังอีเมล,Lütfen e-postaya gönderilen doğrulama kodunu girin,Vui lòng nhập mã xác minh được gửi đến email
action.verify,Verify,验证,驗證,Verifieer,التحقق,Verifica,Bestätigen,Επαλήθευση,Verificar,Vahvista,Vérifier,Deimhnigh,सत्यापित करें,Potvrdi,Megerősít,Konfirmasi,Verifica,確認,확인,Verifiëren,Bekreft,Podaj,Verificar,Verificare,Подтвердить,Potvrdi,Bekräfta,Thibitisha,ยืนยัน,Xác minh,Doğrulama
action.resend_code,Resend Code,重新发送验证码,重新發送驗證碼,Stuur kode weer,إعادة إرسال الرمز,Reenvia el codi,Code erneut senden,Επανάληψη κωδικού,Reenviar código,Vahvista uudelleen,Renvoyer le code,Seol arís an cód,कोड पुनः भेजें,Ponovno pošalji kod,Kód újraküldése,Kirim Ulang Kode,Rispedisci il codice,コードを再送信,코드 다시 보내기,Code opnieuw verzenden,Send kode på nytt,Prześlij kod ponownie,Reenviar código,Retrimiteți codul,Повторно отправить код,Ponovno pošalji,Beställ ny kod,Peana tena nambari,Thibitisha tena,Mãi mãi,Gửi lại mã
error.failed_retrieve_password,Failed to retrieve stored password,无法获取存储的密码,無法獲取存儲的密碼,Misluk om gestoorde wagwoord te herwin,فشل في استرداد كلمة المرور المخزنة,Error en recuperar la contrasenya emmagatzemada,Fehler beim Abrufen des gespeicherten Passworts,Αποτυχία ανάκτησης αποθηκευμένου κωδικού πρόσβασης,Fallo al recuperar la contraseña almacenada,Salasanan haku epäonnistui,Échec de la récupération du mot de passe stocké,Níor éirigh leis an bhfocal faire a stóráil,स्टोर्ड पासवर्ड पुनः प्राप्त करने में विफल,Neuspjelo dohvaćanje pohranjene lozinke,Sikertelen a tárolt jelszó visszakeresése,Gagal mengambil kata sandi yang disimpan,Recupero password memorizzata fallito,保存されたパスワードの取得に失敗しました,저장된 비밀번호 검색 실패,Wachtwoord ophalen mislukt,Mislykket i å hente lagret passord,Nie udało się odzyskać przechowywanego hasła,Falha ao recuperar a senha armazenada,Recuperarea parolei stocate a eșuat,Не удалось извлечь сохраненный пароль,Neuspjelo dohvaćanje pohranjene lozinke,Misslyckades med att hämta lagrat lösenord,Kushindwa kupata nywila iliyohifadhiwa,Thất bại trong việc lấy mật khẩu đã lưu,Saklanan parola alınamadı,Không thể truy xuất mật khẩu đã lưu trữ
success.code_resent,Verification code resent to your email.,验证码已重新发送到您的邮箱。,驗證碼已重新發送到您的電子郵件。,Verifikasiekode is weer na jou e-pos gestuur.,تم إعادة إرسال رمز التحقق إلى بريدك الإلكتروني.,El codi de verificació s'ha reenviat al teu correu electrònic.,Der Code wurde erneut an Ihre E-Mail-Adresse gesendet.,Ο κωδικός επαλήθευσης εστάλη ξανά στο email σας.,El código de verificación se ha reenviado a su correo electrónico.,Vahvistuskoodi lähetettiin uudelleen sähköpostiisi.,Le code de vérification a été renvoyé à votre adresse e-mail.,Tá an cód deimhnithe atá atáirthe arís chuig do ríomhphost.,सत्यापन कोड आपके ईमेल पर पुनः भेज दिया गया है।,Kod za potvrdu ponovno je poslan na vašu e-poštu.,Az ellenőrző kódot újra elküldtük az e-mail címére.,Kode verifikasi telah dikirim ulang ke email Anda.,Il codice di verifica è stato rispedito al tuo indirizzo email.,確認コードがメールアドレスに再送信されました。,확인 코드가 이메일로 다시 전송되었습니다.,Verificatiecode opnieuw verzonden naar uw e-mail.,Bekreftelseskoden ble sendt på nytt til e-posten din.,Kod weryfikacyjny został ponownie wysłany na Twój adres e-mail.,Código de verificação reenviado para o seu e-mail.,Codul de verificare a fost retrimis pe e-mail.,Код подтверждения отправлен на ваш адрес электронной почты.,Kod,Verifieringskoden skickas till din e-post på nytt.,Nambari ya uthibitishaji inakataa barua pepe yako.,รหัสยืนยันถูกส่งไปยังอีเมลของคุณอีกครั้ง,Doğrulama kodu e-postanıza yeniden gönderilir.,Mã xác minh được gửi lại đến email của bạn.
error.generic,Error,错误,錯誤,Fout,خطأ,Error,Fehler,Σφάλμα,Error,Virhe,Erreur,Earráid,त्रुटि,Greška,Hiba,Kesalahan,Errore,エラー,오류,Fout,Feil,Błąd,Erro,Erroare,Ошибка,Greška,Fel,Fehler,Kosa,Đã xảy ra lỗi,Hata
title.how_did_you_hear,How did you hear about us?,您是如何了解到我们的？,您是如何了解到我們的？,Hoe het jy van ons gehoor?,كيف سمعت عنا؟,Com ens has conegut?,Wie sind Sie auf uns aufmerksam geworden?,Πώς μάθατε για εμάς;,¿Cómo te enteraste de nosotros?,Miten kuulit meistä?,Comment avez-vous entendu parler de nous ?,Conas a chuala tú fúinn?,आपने हमारे बारे में कैसे सुना?,Kako ste čuli za nas?,Honnan hallottál rólunk?,Bagaimana Anda mendengar tentang kami?,Come hai saputo di noi?,私たちのことをどこでお知りになりましたか?,저희에 대해 어떻게 알게 되셨나요?,Hoe heb je ons leren kennen?,Hvordan hørte du om oss?,Skąd się o nas dowiedziałeś?,Como você ficou sabendo sobre nós?,Cum ai auzit de noi?,Как вы узнали о нас?,Kako si иuo za nas?,Hur hörde du talas om oss?,Ulisikiaje kuhusu sisi?,คุณรู้จักเราได้อย่างไร?,Bizden nasıl haberdar oldunuz?,Làm thế nào bạn biết về chúng tôi?
option.word_of_mouth,Word of Mouth,口碑推荐,口碑推薦,Mondelinge aanbeveling,التوصية الشخصية,Recomanació,Empfehlung,Στόμα στο στόμα,Recomendación,Business suositus,Bouche à oreille,Labhairt,मुंह से मुंह,Preporuka,Szóbeszéd,Rekomendasi,Passaparola,口コミ,마우스 투 마우스,Mond-tot-mondreclame,Munn til munn,Rekomendacja,Boca a boca,Recomandare,Рекомендация,Preporuka,Mun till mun,Kinywa kwa Kinywa,Truyền miệng,Ağızdan Ağıza,Truyền miệng
option.instagram,Instagram,Instagram,Instagram,Instagram,انستغرام,Indonèsia,Auf Instagram (Englisch),Ίνσταγκραμ,Instagram (en inglés),Instagramissa,Sur Instagram,Instagram,इंस्टाग्राम,Instagram,Instagram,Situs web,Profilo Instagram,インスタグラム,인스타그램,Naar Instagram,Instagram,Na Instagramie,Linkedin,Anonim,Инстаграм,Instagram,Följ oss på Instagram,Instagram,อินสตาแกรม,Instagram Bağlantısı,Ảnh minh họa
option.bilibili,Bilibili,哔哩哔哩,嗶哩嗶哩,Bilibili,بيليبيلي,Bilibili,Bilibili,Μπιλιμπίλι,Bilibili,Bilibili,Bilibili,BilibiliName,बिलिबिली,Bilibili,Bilibili,Bstation,Bilibili,ビリビリ,빌리빌리,Bilibili,Bilibili,Bilibili powiedział:,Bilibili,Bilibili,Билибили,Bilibili,Bilibili Bilibili,Bilibili,บิบิลิ,Bilibili,Bilibili
option.google_ads,Online Ads,在线广告,在線廣告,Online-advertensies,الإعلانات عبر الإنترنت,Anuncis en línia,Online-Anzeigen,Διαφημίσεις στο διαδίκτυο,Anuncios en línea,Verkkomainonta,Publicité en ligne,An tionscadal,ऑनलाइन विज्ञापन,Online oglasi,Online hirdetések,Iklan Online,Annunci online,オンライン広告,온라인 광고,Online advertenties,Online annonser,Reklamy online,Anúncios online,Anunțuri online,Онлайн-реклама,Online oglasi,Online-annonser,Matangazo ya mtandaoni,Quảng cáo trực tuyến,Online Reklamlar,Quảng cáo trực tuyến
option.hsk_courses,HSK Courses,HSK 课程,HSK 課程,HSK-kursusse,دورات HSK,Cursos HSK,HSK-Kurse,Μαθήματα HSK,Cursos HSK,HSK-kurssit,Cours HSK,Cúrsaí HSK,HSK पाठ्यक्रम,HSK tečajevi,HSK tanfolyamok,Kursus HSK,Corsi HSK,HSKコース,HSK 코스,HSK-cursussen,HSK-kurs,Kursy HSK,Cursos HSK,Cursuri HSK,Курсы HSK,HSK kursevi,HSK-kurser,Mafunzo ya HSK,Khoá học HSK,HSK Kursları,Các khóa học HSK
option.app_store,App Store,App Store,App Store,App Store,المتجر,App Store,App Store,Κατάστημα εφαρμογών,Tienda de aplicaciones,App Store,Boutique d’applications,Siopa Aipeanna,ऐप स्टोर,App Store,App Store,Toko Aplikasi,Negozio di applicazioni,アプリストア,앱 스토어,App Store,App Store,Sklep z aplikacjami,Loja de aplicativos,Magazinul de aplicații,Магазин приложений,Prodavnica aplikacija,App Store,Duka la Programu,แอพสโตร์,Uygulama Mağazası,Cửa hàng ứng dụng
option.google_play,Google Play,Google Play,Google Play,Google Play,جوجل بلاي,Google Play,Bei Google Spielen,Google Play,Google Play,Google Play,Google Play,Google Play,गूगल प्ले,Google Play,Google Play,Google Play,Google Play,Google Playの,구글 플레이,Google Spelen,Google Play,Google Play,Google Play,Google Play,Google Play,Google Play,Google Play,Google Play,Google เล่น,Google Oyun,Google Play
option.google_search,Web Search,网络搜索,網絡搜索,Websoektog,البحث على الإنترنت,Cerca a la web,Web-Suche,Αναζήτηση στο διαδίκτυο,Búsqueda en la web,Verkkohaku,Recherche Web,Cuardach gréasáin,वेब खोज,Web pretraga,Webes keresés,Pencarian Web,Ricerca Web,ウェブ検索,웹 검색,Web zoeken,Web-søk,Wyszukiwanie w sieci,Procura na Web,Căutare pe web,Поиск в Интернете,Web pretraga,Webbsökning,Tafuta kwenye Wavuti,Tìm kiếm trên web,Web Araması,Tìm kiếm trên web
option.youtube,YouTube,YouTube,YouTube,Youtube,يوتيوب,Youtube,Auf YouTube (Englisch),YouTube,YouTube (en inglés),YouTubessa,Youtube,YouTube,यूट्यूब,YouTube,Youtube-videók,YouTube,Su YouTube,ユーチューブ,유튜브,Naar YouTube,YouTube,Kanał YouTube,YouTube,YouTube,Ютуб,YouTube,På YouTube (på engelska,Youtube,ยูทูบ,Youtube'da T,YouTube
option.other,Other (Please specify),其他（请说明）,其他（請說明）,Ander (Spesifiseer asseblief),أخرى (يرجى التحديد),Altres (Especifiqueu-ho),Sonstiges (bitte angeben),Άλλο (διευκρινίστε),Otros (Especifique),Muu (täsmennettävä),Autre (Veuillez préciser),Eile (Sonraigh le do thoil),अन्य (कृपया निर्दिष्ट करें),Ostalo (navedite),"Egyéb (kérjük, részletezze)",Lainnya (Sebutkan),Altro (specificare),その他(具体的にお答えください),기타 (구체적으로 기재해 주십시오),Andere (Gelieve te specificeren),Annet (vennligst spesifiser),Inne (proszę określić),Outro (especifique),Altele (Vă rugăm să precizați),"Другое (Пожалуйста, уточните)",Ostalo (Navedite),Annat (vänligen specificera),Nyingine (Tafadhali taja),อื่นๆ (โปรดระบุ),Diğer (Lütfen Belirtiniz),Khác (Vui lòng ghi rõ)
placeholder.please_specify,Please specify,请说明,請說明,Spesifiseer asseblief,يرجى التحديد,Especifiqueu,Bitte angeben,Διευκρινίστε,"Por favor, especifique",Määritä,Veuillez préciser,Sonraigh le do thoil,कृपया निर्दिष्ट करें,Navedite,Adjon meg,Harap tentukan,Si prega di specificare,具体的にお答えください,지정하십시오,Gelieve te specificeren,Vennligst spesifiser,Proszę określić,"Por favor, especifique",Vă rugăm să specificați,"Пожалуйста, уточните",Navedite,Precisera,Tafadhali bainisha,โปรดระบุ,Lütfen belirtin,Vui lòng ghi rõ
action.start_learning,Start Learning,开始学习,開始學習,Begin leer,ابدأ التعلم,Comença a aprendre,Lernen beginnen,Ξεκινήστε τη μάθηση,Comenzar a aprender,Aloita oppiminen,Commencer à apprendre,Tosaigh ag foghlaim,शुरू करें,Počnite učiti,Tanulás megkezdése,Mulai Belajar,Inizia a imparare,学習を開始,학습 시작,Begin met leren,Begynn å lære,Rozpocznij naukę,Comece a aprender,Începeți să învățați,Начать обучение,Započni učenje,Börja lära dig,Anza Kujifunza,เริ่มเรียนรู้,Öğrenmeye Başla,Bắt đầu học
error.user_info_not_found,User information not found,未找到用户信息,未找到用戶信息,Gebruikersinligting nie gevind nie,لم يتم العثور على معلومات المستخدم,Informació de l'usuari no trobada,Benutzerinformationen nicht gefunden,Δεν βρέθηκαν πληροφορίες χρήστη,No se encontraron datos de usuario,Käyttäjätietoja ei löytynyt,Informations utilisateur non trouvées,Níor aimsíodh eolas úsáideora,उपयोगकर्ता जानकारी नहीं मिली,Podaci o korisniku nisu pronađeni,Felhasználói információ nem található,Informasi pengguna tidak ditemukan,Informazioni utente non trovate,ユーザー情報が見つかりません,사용자 정보를 찾을 수 없습니다,Gebruikersinformatie niet gevonden,Finner ikke brukerinformasjon,Nie znaleziono informacji o użytkowniku,Informações do usuário não encontradas,Informațiile utilizatorului nu au fost găsite,Информация о пользователе не найдена,Korisničke informacije nisu pronađene,Det gick inte att hitta användarinformationen,Maelezo ya mtumiaji hayapatikani,ไม่พบข้อมูลผู้ใช้,Kullanıcı bilgileri bulunamadı,Không tìm thấy thông tin người dùng
error.generic,Error,错误,錯誤,Fout,خطأ,Error,Fehler,Σφάλμα,Error,Virhe,Erreur,Earráid,त्रुटि,Greška,Hiba,Kesalahan,Errore,エラー,오류,Fout,Feil,Błąd,Erro,Eroare,Ошибка,Greška,Fel,Kosa,ความผิดพลาด,Hata,Lỗi
title.select_language,What language would you like to learn?,您想学习什么语言？,您想學習什麼語言？,Watter taal wil jy leer?,ما اللغة التي ترغب في تعلمها؟,Quin idioma vols aprendre?,Welche Sprache möchtest du lernen?,Ποια γλώσσα θέλετε να μάθετε;,¿Qué idioma te gustaría aprender?,Mitä kieltä haluat oppia?,Quelle langue souhaitez-vous apprendre ?,Cén teanga ba mhaith leat a fhoghlaim?,आप किस भाषा सीखना चाहेंगे?,Koji jezik biste želeli da naučite?,Milyen nyelvet szeretne megtanulni?,Bahasa apa yang ingin Anda pelajari?,Quale lingua desideri imparare?,どの言語を学びたいですか？,어떤 언어를 배우고 싶으신가요?,Welke taal wil je leren?,Hvilket språk vil du lære?,Jakiego języka chcesz się nauczyć?,Que idioma você gostaria de aprender?,Ce limbă doriți să învățați?,Какой язык вы хотите изучать?,Koji jezik želite da učite?,Vilket språk vill du lära dig?,Ungependa kujifunza lugha gani?,คุณต้องการเรียนภาษาอะไร?,Hangi dili öğrenmek istersiniz?,Bạn muốn học ngôn ngữ nào?
placeholder.more_languages,More languages ({{count}}),更多语言 ({{count}}),更多語言 ({{count}}),Meer tale ({{count}}),المزيد من اللغات ({{count}}),Més idiomes ({{count}}}),Mehr Sprachen ({{count}}),Περισσότερες γλώσσες ({{count}}),Más idiomas ({{count}}),Lisää kieliä ({{count}}),Plus de langues ({{count}}),Tuilleadh teangacha ({{count}}),अधिक भाषाएँ ({{count}}),Više jezika ({{count}}),Több nyelv ({{count}}),Lebih banyak bahasa ({{count}}),Altre lingue ({{count}}),さらに言語 ({{count}}),더 많은 언어 ({{count}}),Meer talen ({{count}}),Flere språk ({{count}}),Więcej języków ({{count}}),Mais idiomas ({{count}}),Mai multe limbi ({{count}}),Больше языков ({{count}}),Više jezika ({{count}}),Fler språk ({{count}}),Lugha zaidi ({{count}}),เพิ่มเติมภาษา ({{count}}),Daha fazla dil ({{count}}),Thêm ngôn ngữ ({{count}})
action.next,Next,下一步,下一步,Volgende,التالي,Següent,Weiter,Επόμενο,Próximo,Seuraava,Suivant,Ar aghaidh,अगला,Sljedeće,Következő,Selanjutnya,Avanti,次へ,다음,Volgende,Neste,Następny,Próximo,Următorul,Далее,Sljedeće,Nästa,Mbele,ถัดไป,Sonraki,Tiếp theo
title.current_level,What's your current {{language}} level?,您目前的{{language}}水平是多少？,您目前的{{language}}水平是多少？,Wat is jou huidige vlak van {{language}}?,ما هو مستواك الحالي في {{language}}؟,Quin és el teu nivell actual de {{language}}?,Was ist Ihr aktuelles Niveau in {{language}}?,Ποιο είναι το τρέχον επίπεδό σας στα {{language}};,¿Cuál es tu nivel actual de {{language}}?,Mikä on nykyinen taitotasosi {{language}}?,Quel est votre niveau actuel en {{language}}?,Cén leibhéal atá agat i láthair i {{language}}?,आपका वर्तमान {{language}} स्तर क्या है?,Koji je vaš trenutni nivo {{language}}?,Mi a jelenlegi {{language}} szinted?,Apa tingkat {{language}} Anda saat ini?,Qual è il tuo livello attuale di {{language}}?,現在の{{language}}のレベルは？,현재 {{language}} 레벨은 무엇입니까?,Wat is je huidige niveau van {{language}}?,Hva er ditt nåværende nivå av {{language}}?,Jaki jest twój obecny poziom {{language}}?,Qual é o seu nível atual de {{language}}?,Care este nivelul tău actual de {{language}}?,Какой у вас текущий уровень {{language}}?,Koji je vaš trenutni nivo {{language}}?,Vilken är din nuvarande nivå av {{language}}?,Ni kiwango chako cha sasa cha {{language}}?,ระดับ {{language}} ปัจจุบันของคุณคืออะไร?,Şu anki {{language}} seviyeniz nedir?,Cấp độ hiện tại của bạn với {{language}} là gì?
msg.hsk_explanation,"""HSK"" is the official Chinese proficiency test, with Level 1 being the lowest and Level 9 being the highest.",“HSK”是官方的汉语水平测试，1 级是最低的，9 级是最高的。,“HSK”是官方的漢語水平測試，1 級是最低的，9 級是最高的。,"""HSK"" is die amptelike Chinese vaardigheidstoets, met vlak 1 die laagste en vlak 9 die hoogste.","""HSK"" هو اختبار الكفاءة الصينية الرسمي ، حيث يكون المستوى 1 هو الأدنى والمستوى 9 هو الأعلى.","""HSK"" és la prova oficial de competència xinesa, sent el nivell 1 el més baix i el nivell 9 el més alt.","""HSK"" ist der offizielle chinesische Eignungstest, wobei Stufe 1 die niedrigste und Stufe 9 die höchste ist.","Το ""HSK"" είναι το επίσημο κινεζικό τεστ επάρκειας, με το επίπεδο 1 να είναι το χαμηλότερο και το επίπεδο 9 να είναι το υψηλότερο.","""HSK"" es la prueba oficial de dominio del chino, siendo el Nivel 1 el más bajo y el Nivel 9 el más alto.","""HSK"" on virallinen kiinalainen taitotesti, jossa taso 1 on alin ja taso 9 korkein.","« HSK » est le test de compétence officiel en chinois, le niveau 1 étant le plus bas et le niveau 9 étant le plus élevé.","Is é ""HSK"" an tástáil inniúlachta oifigiúil Síneach, agus is é Leibhéal 1 an leibhéal is ísle agus is é Leibhéal 9 an ceann is airde.","""एचएसके"" आधिकारिक चीनी प्रवीणता परीक्षा है, जिसमें स्तर 1 सबसे कम है और स्तर 9 उच्चतम है।","""HSK"" je službeni test kineskog znanja, pri čemu je razina 1 najniža, a razina 9 najviša.","A ""HSK"" a hivatalos kínai jártassági teszt, ahol az 1. szint a legalacsonyabb és a 9. szint a legmagasabb.","""HSK"" adalah tes kecakapan bahasa Mandarin resmi, dengan Level 1 menjadi yang terendah dan Level 9 menjadi yang tertinggi.","""HSK"" è il test ufficiale di conoscenza della lingua cinese, con il livello 1 che è il più basso e il livello 9 che è il più alto.",「HSK」は公式の中国語能力試験であり、レベル1が最低、レベル9が最高です。,"""HSK""는 공식 중국어 능력 시험으로 1급이 가장 낮고 9급이 가장 높습니다.","""HSK"" is de officiële Chinese taalvaardigheidstest, waarbij niveau 1 de laagste is en niveau 9 de hoogste.","""HSK"" er den offisielle kinesiske ferdighetstesten, med nivå 1 som det laveste og nivå 9 som det høyeste.","""HSK"" to oficjalny chiński test biegłości, w którym poziom 1 jest najniższy, a poziom 9 najwyższy.","""HSK"" é o teste oficial de proficiência chinês, sendo o Nível 1 o mais baixo e o Nível 9 o mais alto.","""HSK"" este testul oficial de competență chineză, nivelul 1 fiind cel mai scăzut și nivelul 9 fiind cel mai înalt.","«HSK» — это официальный тест на знание китайского языка, где уровень 1 — самый низкий, а уровень 9 — самый высокий.","""HSK"" je zvanični kineski test stručnosti, s tim da je nivo 1 najniži, a nivo 9 najviši.","""HSK"" är det officiella kinesiska kunskapstestet, där nivå 1 är den lägsta och nivå 9 är den högsta.","""HSK"" ni mtihani rasmi wa ustadi wa Kichina, na Kiwango cha 1 kuwa cha chini na Kiwango cha 9 kuwa cha juu zaidi.","""HSK"" เป็นการทดสอบความสามารถทางภาษาจีนอย่างเป็นทางการ โดยระดับ 1 เป็นระดับต่ําสุดและระดับ 9 เป็นระดับสูงสุด","""HSK"", Seviye 1 en düşük ve Seviye 9 en yüksek olmak üzere resmi Çince yeterlilik testidir.","""HSK"" là bài kiểm tra trình độ chính thức của Trung Quốc, với cấp độ 1 là thấp nhất và cấp độ 9 là cao nhất."
error.updating_progress,Error updating progress:,更新进度时出错：,更新進度時出錯：,Fout by die opdateer van vordering:,خطأ في تحديث التقدم:,Error actualitzant el progrés:,Fehler beim Aktualisieren des Fortschritts:,Σφάλμα κατά την ενημέρωση της προόδου:,Error al actualizar el progreso:,Virheen päivitys:,Erreur lors de la mise à jour de la progression:,Earráid agus an dul chun cinn a nuashonrú:,प्रगति अपडेट करते समय त्रुटि:,Greška prilikom ažuriranja napretka:,Hiba a frissítés közben:,Kesalahan saat memperbarui kemajuan:,Errore nell'aggiornamento del progresso:,進捗を更新する際のエラー:,진행률 업데이트 오류:,Fout bij het bijwerken van de voortgang:,Feil ved oppdatering av fremdriften:,Błąd podczas aktualizacji postępu:,Erro ao atualizar o progresso:,Eroare la actualizarea progresului:,Ошибка при обновлении прогресса:,Greška pri ažuriranju napretka:,Fel vid uppdatering av framsteg:,Kosa wakati wa kuboresha maendeleo:,ข้อผิดพลาดในการอัปเดตความคืบหน้า:,Güncelleme hatası:,Lỗi cập nhật tiến trình:
level.label,{{levelName}} ({{examLevelName}}),{{levelName}}（{{examLevelName}}）,{{levelName}}（{{examLevelName}}）,{{levelName}} ({{examLevelName}}),{{levelName}} ({{examLevelName}}),{{levelName}} ({{examLevelName}}),{{levelName}} ({{examLevelName}}),{{levelName}} ({{examLevelName}}),{{levelName}} ({{examLevelName}}),{{levelName}} ({{examLevelName}}),{{levelName}} ({{examLevelName}}),{{levelName}} ({{examLevelName}}),{{levelName}} ({{examLevelName}}),{{levelName}} ({{examLevelName}}),{{levelName}} ({{examLevelName}}),{{levelName}} ({{examLevelName}}),{{levelName}} ({{examLevelName}}),{{levelName}}({{examLevelName}}),{{levelName}} ({{examLevelName}}),{{levelName}} ({{examLevelName}}),{{levelName}} ({{examLevelName}}),{{levelName}} ({{examLevelName}}),{{levelName}} ({{examLevelName}}),{{levelName}} ({{examLevelName}}),{{levelName}} ({{examLevelName}}),{{levelName}} ({{examLevelName}}),{{levelName}} {{}} ({{examLevelName}}),{{levelName}} ({{examLevelName}}),{{levelName}} ({{examLevelName}}),{{levelName}} ({{examLevelName}}),{{levelName}} ({{examLevelName}})
level.name.1,Beginner I,初级 I,初級 I,Beginner I,مبتدئ I,Principiant I,Anfänger I,Αρχάριος Ι,Principiante I,Aloittelija I,Débutant I,Bunleibhéal I,शुरुआती I,Početnik I,Kezdő I,Pemula I,Principiante I,初級I.,초급 I,Beginner I,Nybegynner I,Początkujący I,Iniciante I,Începător I,Начинающий I,Početnik I,Nybörjare I,Mwanzo I,เริ่มต้น I,Başlangıç I,Người mới bắt đầu I
level.name.2,Beginner II,初级 II,初級II,Beginner II,المستوى الابتدائي الثاني,Principiant II,Anfänger II,Αρχάριος ΙΙ,Principiante II,Aloittelija II,Débutant II,Bunleibhéal II,शुरुआती II,Početnik II,Kezdő II,Pemula II,Principiante II,初級II.,초급 II,Beginner II,Nybegynner II,Początkujący II,Iniciante II,Începător II,Начинающий II,Početnik II,Nybörjare II,Kompyuta II,เริ่มต้น II,Başlangıç II,Người mới bắt đầu II
level.name.3,Beginner III,初级 III,初級III,Beginner III,المستوى الابتدائي الثالث,Principiant III,Anfänger III,Αρχάριος ΙΙΙ,Principiante III,Aloittelija III,Débutant III,Bunleibhéal III,शुरुआती III,Početnik III.,Kezdő III,Pemula III,Principiante III,初級 III,초급 III,Beginner III,Nybegynner III,Początkujący III,Iniciante III,Începător III,Начинающий III,Početnik III,Nybörjare III,Kompyuta III,เริ่มต้น III,Başlangıç III,Người mới bắt đầu III
level.name.4,Intermediate I,中级 I,中級 I,Intermediêr I,المستوى المتوسط الأول,Intermig I,Mittelstufe I,Ενδιάμεσο I,Intermedio I,Keskitaso I,Intermédiaire I,Meánleibhéal I,इंटरमीडिएट I,Srednji I,Középhaladó I,Menengah I,Intermedio I,中級I.,중급 I,Intermediair I,Mellomliggende I,Średnio zaawansowany I,Intermediário I,Intermediar I,Средний уровень I,Srednji I,Fortsättningskurs I,Kati ya I,ระดับกลาง I,Orta Seviye I,Trung cấp I
level.name.5,Intermediate II,中级II,中級II,Intermediêre II,المستوى المتوسط II,Intermig II,Mittelstufe II,Ενδιάμεσο ΙΙ,Intermedio II,Keskitaso II,Intermédiaire II,Meánrang II,इंटरमीडिएट II,Srednji II.,Közbenső II,Menengah II,Intermedio II,中級II.,중급 II,Intermediair II,Mellomliggende II,Średnio zaawansowany II,Intermediário II,Intermediar II,Средний уровень II,Srednji II,Fortsättningskurs II,Kati ya II,ระดับกลาง II,Orta Seviye II,Trung cấp II
level.name.6,Advanced I,高级 I,高級 I,Gevorderde I,متقدم I,Avançat I,Fortgeschritten I,Προχωρημένοι Ι,Avanzado I,Edistynyt I,Avancé I,Ardrang I,उन्नत I,Napredno I,Haladó I,Lanjutan I,Avanzato I,上級I.,상급 I,Gevorderd I,Avansert I,Zaawansowany I,Avançado I,Avansat I,Продвинутый I,Napredno I,Avancerad I,Ya juu I,ขั้นสูง I,İleri I,Nâng cao I
level.name.7,Advanced II,高级 II,高級II,Gevorderde II,متقدم II,Avançat II,Fortgeschritten II,Προχωρημένο ΙΙ,Avanzado II,Edistynyt II,Avancé II,Ardrang II,उन्नत II,Napredno II.,Haladó II,Lanjutan II,Avanzato II,アドバンスII.,상급 II,Geavanceerd II,Avansert II,Zaawansowany II,Avançado II,Avansat II,Продвинутый II,Napredni II,Avancerad II,Ya Juu II,ขั้นสูง II,İleri Düzey II,Nâng cao II
level.hsk.1,HSK 1,HSK一级,HSK一級,HSK 1,هسك 1,HSK 1,HSK 1,HSK 1,HSK 1,HSK 1,HSK 1,HSK 1,एचएसके 1,HSK 1,HSK 1,HSK 1,HSK 1,HSK1,HSK 레벨 1,HSK 1,HSK 1,Zobacz materiał HSK 1,HSK 1,HSK 1,HSK 1,HSK 1,HSK 1,HSK 1,เอชเอสเค 1,HSK 1,HSK 1
level.hsk.2,HSK 2,HSK二级,HSK二級,HSK 2,هسك 2,HSK 2,HSK 2,HSK 2,HSK 2,HSK 2,HSK 2,HSK 2,एचएसके 2,HSK 2,HSK 2,HSK 2,HSK 2,HSK2,HSK 레벨 2,HSK 2,HSK 2,Zobacz materiał HSK 2,HSK 2,HSK 2,HSK 2,HSK 2,HSK 2,HSK 2,เอชเอสเค 2,HSK 2,HSK 2
level.hsk.3,HSK 3,HSK三级,HSK三級,HSK 3,هسك 3,HSK 3,HSK 3,HSK 3,HSK 3,HSK 3,HSK 3,HSK 3,एचएसके 3,HSK 3,HSK 3,HSK 3,HSK 3,HSK3,HSK 3급,HSK 3,HSK 3,Zobacz materiał HSK 3,HSK 3,HSK 3,HSK 3,HSK 3,HSK 3,HSK 3,เอชเอสเค 3,HSK 3,HSK 3
level.hsk.4,HSK 4,HSK四级,HSK四級,HSK 4,هسك 4,HSK 4,HSK 4,HSK 4,HSK 4,HSK 4,HSK 4,HSK 4,एचएसके 4,HSK 4,HSK 4,HSK 4,HSK 4,HSK4,HSK 4급,HSK 4,HSK 4,Zobacz materiał HSK 4,HSK 4,HSK 4,HSK 4,HSK 4,HSK 4,HSK 4,เอชเอสเค 4,HSK 4,HSK 4 ·
level.hsk.5,HSK 5,HSK五级,HSK五級,HSK 5,هسك 5,HSK 5,HSK 5,HSK 5,HSK 5,HSK 5,HSK 5,HSK 5,एचएसके 5,HSK 5,HSK 5,HSK 5,HSK 5,HSK5,HSK 5급,HSK 5,HSK 5,Zobacz materiał HSK 5,HSK 5,HSK 5,HSK 5,HSK 5,HSK 5,HSK 5,เอชเอสเค 5,HSK 5,HSK 5 ·
level.hsk.6,HSK 6,HSK六级,HSK六級,HSK 6,هسك 6,HSK 6,HSK 6,HSK 6,HSK 6,HSK 6,HSK 6,HSK 6,एचएसके 6,HSK 6,HSK 6,HSK 6,HSK 6,HSK6,HSK 레벨 6,HSK 6,HSK 6,Zobacz materiał HSK 6,HSK 6,HSK 6,HSK 6,HSK 6,HSK 6,HSK 6,เอชเอสเค 6,HSK 6,HSK 6 ·
level.hsk.7,HSK 7-9,HSK 7-9级,HSK 7-9級,HSK 7-9,هسك 7-9,HSK 7-9,HSK 7-9,HSK 7-9,HSK 7-9,HSK 7-9,HSK 7-9,HSK 7-9,एचएसके 7-9,HSK 7-9,HSK 7-9,HSK 7-9,HSK 7-9,HSK7-9,HSK 7-9급,HSK 7-9,HSK 7-9,Zobacz materiał HSK 7-9,HSK 7-9,HSK 7-9,ГСК 7-9,HSK 7-9,HSK 7-9,HSK 7-9,เอชเอสเค 7-9,HSK 7-9,HSK 7-9
level.topik.1,Pre-TOPIK 1,TOPIK 1前,TOPIK 1前,Pre-TOPIK 1,ما قبل توبيك 1,Pre-TOPIK 1,Vor TOPIK 1,Προ-TOPIK 1,Pre-TOPIK 1,Ennen TOPIK 1:tä,Pré-TOPIK 1,Réamh-TOPIK 1,प्री-टॉपिक 1,Pre-TOPIK 1,TOPIK előtti 1,Pra-TOPIK 1,Pre-TOPIK 1,プレトピック1,한국어능력시험(Pre-TOPIK) 1,Pre-TOPIK 1,Pre-TOPIK 1,Przed TOPIK 1,Pré-TOPIK 1,Pre-TOPIK 1,До TOPIK 1,Pre TOPIK 1,Pre-TOPIK 1,Kabla ya TOPIK 1,พรี-โทปิก 1,TOPİK öncesi 1,Tiền TOPIK 1
level.topik.2,TOPIK 1,TOPIK 1,TOPIK 1,TOPIK 1,توبيك 1,TOPIK 1,TOPIK 1,ΤΟΠΙΚ 1,TOPIK 1,TOPIK 1,TOPIK 1,TOPIK 1,टोपिक 1,TOPIK 1,TOPIK 1,TOPIK 1,TOPIK 1,トピック1,한국어능력시험(TOPIK) 1,TOPIK 1 Zoekertjes,TOPIK 1,TOPIK 1,TOPIK 1,TOPIK 1,ТОПИК 1,TOPIK 1,TOPIK 1,TOPIK 1,TOPIK 1,TOPIK 1,TOPIK 1
level.topik.3,TOPIK 2,TOPIK 2,TOPIK 2,TOPIK 2,توبيك 2,TOPIK 2,TOPIK 2,ΤΟΠΙΚ 2,TOPIK 2,TOPIK 2,TOPIK 2,TOPIK 2,टोपिक 2,TOPIK 2,TOPIK 2,TOPIK 2,TOPIK 2,トピック2,한국어능력시험(TOPIK) 2,TOPIK 2,TOPIK 2,TOPIK 2,TOPIK 2,TOPIK 2,ТОПИК 2,TOPIK 2,TOPIK 2,TOPIK 2,TOPIK 2,TOPIK 2,TOPIK 2
level.topik.4,TOPIK 3,TOPIK 3,TOPIK 3,TOPIK 3,توبيك 3,TOPIK 3,TOPIK 3,ΤΟΠΙΚ 3,TOPIK 3,TOPIK 3,TOPIK 3,TOPIK 3,टोपिक 3,TOPIK 3,TOPIK 3,TOPIK 3,TOPIK 3,トピック3,한국어능력시험(TOPIK) 3,TOPIK 3,TOPIK 3,TOPIK 3,TOPIK 3,TOPIK 3,ТОПИК 3,TOPIK 3,TOPIK 3,TOPIK 3,โทปิก 3,TOPIK 3,TOPIK 3
level.topik.5,TOPIK 4,TOPIK 4,TOPIK 4,TOPIK 4,توبيك 4,TOPIK 4,TOPIK 4,ΤΟΠΙΚ 4,TOPIK 4,TOPIK 4,TOPIK 4,TOPIK 4,टोपिक 4,TOPIK 4,TOPIK 4,TOPIK 4,TOPIK 4,トピック4,한국어능력시험(TOPIK) 4,TOPIK 4,TOPIK 4,TOPIK 4,TOPIK 4,TOPIK 4,ТОПИК 4,TOPIK 4,TOPIK 4,TOPIK 4,TOPIK 4,TOPIK 4,TOPIK 4
level.topik.6,TOPIK 5,TOPIK 5,TOPIK 5,TOPIK 5,توبيك 5,TOPIK 5,TOPIK 5,ΤΟΠΙΚ 5,TOPIK 5,TOPIK 5,TOPIK 5,TOPIK 5,टोपिक 5,TOPIK 5,TOPIK 5,TOPIK 5,TOPIK 5,トピック5,한국어능력시험(TOPIK) 5,TOPIK 5,TOPIK 5,TOPIK 5,TOPIK 5,TOPIK 5,ТОПИК 5,TOPIK 5,TOPIK 5,TOPIK 5,โทปิก 5,TOPIK 5,TOPIK 5
level.topik.7,TOPIK 6,TOPIK 6,TOPIK 6,TOPIK 6,توبيك 6,TOPIK 6,TOPIK 6,ΤΟΠΙΚ 6,TOPIK 6,TOPIK 6,TOPIK 6,TOPIK 6,टोपिक 6,TOPIK 6,TOPIK 6,TOPIK 6,TOPIK 6,トピック6,한국어능력시험(TOPIK) 6,TOPIK 6,TOPIK 6,TOPIK 6,TOPIK 6,TOPIK 6,ТОПИК 6,TOPIK 6,TOPIK 6,TOPIK 6,โทปิก 6,TOPIK 6,TOPIK 6
level.jlpt.1,JLPT N5,JLPT N5,JLPTN5,JLPT N5,جي ال بي تي ان 5,JLPT N5,JLPT N5,JLPT N5,JLPT N5,JLPT N5,JLPT N5,JLPT N5,जेएलपीटी N5,JLPT N5,JLPT N5,JLPT N5,JLPT N5,日本語能力試験N5,일본어능력시험 N5,JLPT N5,JLPT N5,JLPT N5,JLPT N5,JLPT N5,ЖЛПТ Н5,JLPT N5,JLPT N5,JLPT N5,เจแอลพีที N5,JLPT N5,JLPT N5
level.jlpt.2,JLPT N4,JLPT N4,JLPTN4,JLPT N4,جي ال بي تي ان 4,JLPT N4,JLPT N4,JLPT Ν4,JLPT N4,JLPT N4,JLPT N4,JLPT N4,जेएलपीटी एन4,JLPT N4,JLPT N4,JLPT N4,JLPT N4,日本語能力試験N4,일본어능력시험 N4,JLPT N4,JLPT N4,JLPT N4,JLPT N4,JLPT N4,JLPT N4,JLPT N4,JLPT N4,JLPT N4,เจแอลพีที N4,JLPT N4,JLPT N4
level.jlpt.3,JLPT N3,JLPT N3,JLPTN3,JLPT N3,جي ال بي تي ان 3,JLPT N3,JLPT N3,JLPT Ν3,JLPT N3,JLPT N3,JLPT N3,JLPT N3,जेएलपीटी एन3,JLPT N3,JLPT N3,JLPT N3,JLPT N3,日本語能力試験N3,일본어능력시험 N3,JLPT N3,JLPT N3,JLPT N3,JLPT N3,JLPT N3,JLPT N3,JLPT N3,JLPT N3,JLPT N3,เจแอลพีที N3,JLPT N3,JLPT N3
level.jlpt.4,JLPT N2,JLPT N2,JLPTN2,JLPT N2,JLPT N2,JLPT N2,JLPT N2,JLPT N2,JLPT N2,JLPT N2,JLPT N2,JLPT N2,जेएलपीटी एन2,JLPT N2,JLPT N2,JLPT N2,JLPT N2,日本語能力試験N2,일본어능력시험 N2,JLPT N2,JLPT N2,JLPT N2,JLPT N2,JLPT N2,JLPT N2,JLPT N2,JLPT N2,JLPT N2,เจแอลพีที N2,JLPT N2,JLPT N2
level.jlpt.5,JLPT N1,JLPT N1,JLPTN1,JLPT N1,جي ال بي تي ان 1,JLPT N1,JLPT N1,JLPT N1,JLPT N1,JLPT N1,JLPT N1,JLPT N1,जेएलपीटी एन1,JLPT N1,JLPT N1,JLPT N1,JLPT N1,日本語能力試験N1,일본어능력시험 N1,JLPT N1,JLPT N1,JLPT N1,JLPT N1,JLPT N1,JLPT N1,JLPT N1,JLPT N1,JLPT N1,เจแอลพีที N1,JLPT N1,JLPT N1
level.jlpt.6,JLPT N1,JLPT N1,JLPTN1,JLPT N1,جي ال بي تي ان 1,JLPT N1,JLPT N1,JLPT N1,JLPT N1,JLPT N1,JLPT N1,JLPT N1,जेएलपीटी एन1,JLPT N1,JLPT N1,JLPT N1,JLPT N1,日本語能力試験N1,일본어능력시험 N1,JLPT N1,JLPT N1,JLPT N1,JLPT N1,JLPT N1,JLPT N1,JLPT N1,JLPT N1,JLPT N1,เจแอลพีที N1,JLPT N1,JLPT N1
level.jlpt.7,CEFR C2,欧标 C2,歐標 C2,CEFR C2,CEFR C2,MECR C2,GER C2,ΚΕΠΑ C2,MCER C2,CEFR C2,CECRL C2,CEFR C2,सीईएफआर सी2,CEFR C2,CEFR C2,CEFR C2,QCER C2,CEFR C2,CEFR C2,ERK C2,CEFR C2,CEFR C2,CEFR C2,CECRL C2,CEFR C2,CEFR C2,CEFR C2,CEFR C2,CEFR C2,CEFR C2,CEFR C2
level.ielts.1,IELTS 1,雅思1,雅思1,IELTS 1,IELTS 1,IELTS 1,IELTS 1,ΙΕΛΤΣ 1,IELTS 1,IELTS 1,IELTS 1,IELTS 1,आईईएलटीएस 1,IELTS 1,IELTS 1,IELTS 1,IELTS 1,IELTS試験 1,IELTS 1 (영어),IELTS 1,IELTS 1,IELTS 1,IELTS 1,IELTS 1,IELTS 1,IELTS 1,IELTS 1 (på engelska),IELTS 1,สอบ IELTS 1,IELTS 1 Sınavı,IELTS 1
level.ielts.2,IELTS 2,雅思2,雅思2,IELTS 2,IELTS 2,IELTS 2,IELTS 2 (Englisch),ΙΕΛΤΣ 2,IELTS 2,IELTS 2,IELTS 2,IELTS 2,आईईएलटीएस 2,IELTS 2,IELTS 2,IELTS 2,IELTS 2,IELTS2,IELTS 2 시험,IELTS 2,IELTS 2,IELTS 2,IELTS 2,IELTS 2,IELTS 2,IELTS 2,IELTS 2 (på engelska),IELTS 2,สอบ IELTS 2,IELTS 2 Sınavı,IELTS 2
level.ielts.3,IELTS 3.5,雅思3.5,雅思3.5,IELTS 3.5,IELTS 3.5,IELTS 3.5,IELTS 3.5,ΙΕΛΤΣ 3.5,IELTS 3.5,IELTS 3.5,IELTS 3.5,IELTS 3.5,आईईएलटीएस 3.5,"IELTS 3,5",IELTS 3.5,IELTS 3.5,IELTS 3.5,IELTS 3.5,아이엘츠 3.5,IELTS 3.5,IELTS 3.5,Egzamin IELTS 3.5,IELTS 3.5,IELTS 3.5,IELTS 3.5,IELTS 3.5,IELTS 3.5,IELTS 3.5,สอบ IELTS 3.5,IELTS 3.5,IELTS 3.5
level.ielts.4,IELTS 5,雅思5,雅思5,IELTS 5,آيلتس 5,IELTS 5,IELTS 5 (Englisch),ΙΕΛΤΣ 5,IELTS 5,IELTS 5,IELTS 5,IELTS 5,आईईएलटीएस 5,IELTS 5,IELTS 5,IELTS 5,IELTS 5,IELTS5,아이엘츠 5,IELTS 5,IELTS 5,Egzamin IELTS 5,IELTS 5,IELTS 5,IELTS 5,IELTS 5,IELTS 5 (på engelska),IELTS 5,สอบ IELTS 5,IELTS 5 sınavı,IELTS 5
level.ielts.5,IELTS 6.5,雅思6.5,雅思6.5,IELTS 6.5,IELTS 6.5,IELTS 6.5,IELTS 6.5,ΙΕΛΤΣ 6.5,IELTS 6.5,IELTS 6.5,IELTS 6.5,IELTS 6.5,आईईएलटीएस 6.5,"IELTS 6,5",IELTS 6.5,IELTS 6.5,IELTS 6.5,IELTS 6.5,아이엘츠 6.5,IELTS 6.5,IELTS 6.5,IELTS 6.5,IELTS 6.5,IELTS 6.5,IELTS 6.5,IELTS 6.5,IELTS 6.5,IELTS 6.5,สอบ IELTS 6.5,IELTS 6.5 Sınavı,IELTS 6.5
level.ielts.6,IELTS 8,雅思8,雅思8,IELTS 8,IELTS 8,IELTS 8,IELTS 8 (Englisch),ΙΕΛΤΣ 8,IELTS 8,IELTS 8,IELTS 8,IELTS 8,आईईएलटीएस 8,IELTS 8,IELTS 8,IELTS 8,IELTS 8,IELTS8,IELTS 8,IELTS 8,IELTS 8,Egzamin IELTS 8,IELTS 8,IELTS 8,IELTS 8,IELTS 8,IELTS 8 (på engelska),IELTS 8,สอบ IELTS 8,IELTS 8 Sınavı,IELTS 8
level.ielts.7,IELTS 9,雅思9,雅思9,IELTS 9,الآيلتس 9,IELTS 9,IELTS 9 (Englisch),ΙΕΛΤΣ 9,IELTS 9,IELTS 9,IELTS 9,IELTS 9,आईईएलटीएस 9,IELTS 9,IELTS 9,IELTS 9,IELTS 9,IELTS9,IELTS 9 시험,IELTS 9,IELTS 9,Egzamin IELTS 9,IELTS 9,IELTS 9,IELTS 9,IELTS 9,IELTS 9 (på engelska),IELTS 9,สอบ IELTS 9,IELTS 9 Sınavı,IELTS 9
level.cefr.1,CEFR Pre-A1,欧标A1前,歐標Pre-A1前,CEFR Pre-A1,CEFR ما قبل A1,MCER Pre-A1,GER Pre-A1,ΚΕΠΑ Pre-A1,MCER Pre-A1,CEFR ennen A1:tä,CECRL Pré-A1,CEFR Roimh A1,CEFR पूर्व-A1,CEFR prije A1,CEFR Pre-A1,CEFR Pra-A1,QCER Pre-A1,CEFRプレA1,CEFR Pre-A1,CEFR Pre-A1,CEFR Pre-A1,CEFR Pre-A1,CEFR Pré-A1,CECRL Pre-A1,CEFR Pre-A1,CEFR Pre-A1,CEFR före A1,CEFR Kabla ya A1,CEFR ก่อน A1,CEFR A1 Öncesi,CEFR Pre-A1
level.cefr.2,CEFR A1,欧标 A1,歐標 A1,CEFR A1,CEFR A1,MECR A1,GER A1,ΚΕΠΑ A1,MCER A1,CEFR A1,CECRL A1,CEFR A1,सीईएफआर A1,CEFR A1,CEFR A1,CEFR A1,QCER A1,CEFR A1,CEFR A1,ERK A1,CEFR A1,CEFR A1,CEFR A1,CECRL A1,CEFR A1,CEFR A1,CEFR A1,CEFR A1,CEFR A1,CEFR A1,CEFR A1
level.cefr.3,CEFR A2,欧标 A2,歐標 A2,CEFR A2,CEFR A2,MECR A2,GER A2,ΚΕΠΑ A2,MCER A2,CEFR A2,CECR A2,CEFR A2,सीईएफआर ए2,CEFR A2,CEFR A2,CEFR A2,QCER A2,CEFR A2,CEFR A2,ERK A2,CEFR A2,CEFR A2,CEFR A2,CECRL A2,CEFR A2,CEFR A2,CEFR A2,CEFR A2,CEFR A2,CEFR A2,CEFR A2
level.cefr.4,CEFR B1,欧标 B1,歐標 B1,CEFR B1,CEFR B1,MECR B1,GER B1,ΚΕΠΑ Β1,MCER B1,CEFR B1,CECRL B1,CEFR B1,सीईएफआर बी1,CEFR B1,CEFR B1,CEFR B1,QCER B1,CEFR B1,CEFR B1,ERK B1,CEFR B1,CEFR B1,QECR B1,CECRL B1,CEFR B1,CEFR B1,CEFR B1,CEFR B1,CEFR B1,CEFR B1,CEFR B1
level.cefr.5,CEFR B2,欧标 B2,歐標 B2,CEFR B2,CEFR B2,MECR B2,GER B2,ΚΕΠΑ Β2,MCER B2,CEFR B2,CECRL B2,CEFR B2,सीईएफआर बी2,CEFR B2,CEFR B2,CEFR B2,QCER B2,CEFR B2,CEFR 지하 2층,ERK B2,CEFR B2,CEFR B2,CEFR B2,CECRL B2,CEFR B2,CEFR B2,CEFR B2,CEFR B2,CEFR B2,CEFR B2,CEFR B2
level.cefr.6,CEFR C1,欧标 C1,歐標 C1,CEFR C1,CEFR C1,MECR C1,GER C1,ΚΕΠΑ C1,MCER C1,CEFR C1,CECRL C1,CEFR C1,सीईएफआर सी1,CEFR C1,CEFR C1,CEFR C1,QCER C1,CEFR C1,CEFR C1,ERK C1,CEFR C1,CEFR C1,CEFR C1,CECRL C1,CEFR C1,CEFR C1,CEFR C1,CEFR C1,CEFR C1,CEFR C1,CEFR C1
level.cefr.7,CEFR C2,欧标 C2,歐標 C2,CEFR C2,CEFR C2,MECR C2,GER C2,ΚΕΠΑ C2,MCER C2,CEFR C2,CECRL C2,CEFR C2,सीईएफआर सी2,CEFR C2,CEFR C2,CEFR C2,QCER C2,CEFR C2,CEFR C2,ERK C2,CEFR C2,CEFR C2,CEFR C2,CECRL C2,CEFR C2,CEFR C2,CEFR C2,CEFR C2,CEFR C2,CEFR C2,CEFR C2
action.tv_shows,TV Shows,电视节目,電視節目,TV-programma's,البرامج التلفزيونية,Programmes de televisió,TV-Sendungen,Τηλεοπτικές εκπομπές,Programas de televisión,TV-ohjelmat,Émissions de télévision,TV-programmer,टीवी शो,TV programi,TV-műsorok,Acara TV,Programmi TV,テレビ番組,TV 프로그램,TV-programma's,Programas de TV,Programas de TV,Programas de TV,Programas de TV,Programas de TV,ТВ-програми,TV programi,TV-program,Programu za TV,Programas de TV,TV programları
error.user_info_not_found,User info not found,未找到用户信息,未找到用戶信息,Gebruikersinformatie niet gevonden,معلومات المستخدم غير موجودة,Informació de l'usuari no trobada,Benutzerinformationen nicht gefunden,Δεν βρέθηκαν πληροφορίες χρήστη,Información del usuario no encontrada,Käyttäjätietoja ei löytynyt,Informations utilisateur non trouvées,Informació de l'usuari no trobada,उपयोगकर्ता जानकारी नहीं मिली,Podaci o korisniku nisu pronađeni,Felhasználói információk nem találhatók,Informasi pengguna tidak ditemukan,Informazioni utente non trovate,ユーザー情報が見つかりません,사용자 정보를 찾을 수 없습니다,Gebruikersinformatie niet gevonden,Finner ikke brukerinformasjon,Nie znaleziono informacji o użytkowniku,Informações do usuário não encontradas,Informațiile despre utilizator nu au fost găsite,Информация о пользователе не найдена,Korisničke informacije nisu pronađene,Det gick inte att hitta användarinformationen,Maelezo ya mtumiaji hayapatikani,ไม่พบข้อมูลผู้ใช้,Kullanıcı bilgisi bulunamadı,Không tìm thấy thông tin người dùng
error.failed_to_load_items,Failed to load items:,加载项目失败：,加载项目失败：,Kan items niet laden:,فشل تحميل العناصر:,Error al carregar els elements:,Fehler beim Laden von Elementen:,Αποτυχία φόρτωσης στοιχείων:,Error al cargar elementos:,Kohteiden lataaminen epäonnistui:,Échec du chargement des éléments :,Error al carregar elements:,आइटम लोड करने में विफल:,Neuspješno učitavanje stavki:,Az elemek betöltése nem sikerült:,Gagal memuat item:,Caricamento elementi non riuscito:,アイテムの読み込みに失敗しました：,항목을 로드하지 못했습니다:,Kan items niet laden:,Kunne ikke laste inn elementer:,Nie udało się załadować elementów:,Falha ao carregar itens:,Încărcarea elementelor nu a reușit:,Не удалось загрузить элементы:,Učitavanje stavki nije uspelo:,Det gick inte att ladda objekt:,Imeshindwa kupakia vipengee:,ไม่สามารถโหลดรายการ:,Öğeler yüklenemedi:,Không tải được mục:
action.watch,Watch,观看,觀看,Bekijken,شاهد,Visualitza,Ansehen,Παρακολούθηση,Ver,Katso,Kijken,Visualitza,Tv देखें,Gledaj,Néz,Menonton,Guarda,見る,보기,Bekijken,Ver,Ver,Ver,Ver,Ver,Pogledaj,İzle,Ver,Assistir,İzle,Xem
video.views,Views,观看次数,觀看次數,Weergaven,المشاهدات,Visualitzacions,Aufrufe,Προβολές,Vistas,Katselukerrat,Vues,Visualitzacions,दृश्य,Pogledi,Megtekintések,Tayangan,Visualizzazioni,ビュー,조회수,Weergaven,Visualizações,Visualizaciones,Visualizaciones,Visualizaciones,Visualizaciones,Pregledi,İzlenme,Visualizações,İzlenme,Görünümler,Views
video.likes,Likes,喜欢,喜歡,Vind-ik-leuks,إعجاب,Like,Mögen,Μου αρέσει,Gustos,Tykkäykset,J'aime,M'agrada,पसंद,Glasovi,Tetszik,Suka,Like,いいね,좋아요,Vind-ik-leuks,Gostos,Gustos,Gustos,Gustos,Glasovi,Beğenme,Gostos,Beğenme,ชอบ,Seviyor,Thích
video.comments,Comments,评论,評論,Reacties,تعليقات,Comentaris,Kommentare,Σχόλια,Comentarios,Kommentit,Commentaires,Comentaris,टिप्पणियाँ,Komentari,Hozzászólások,Komentar,Komenti,コメント,댓글,Reacties,Comentários,Comentarios,Comentarios,Comentarios,Komentari,Yorumlar,Comentários,Yorumlar,ความ คิด เห็น,Yorum,Ý kiến
title.pro_feature,Pro Feature,Pro 功能,Pro 功能,Pro-functie,ميزة الاحترافية,Funció Pro,Pro-Funktion,Λειτουργία Pro,Función Pro,Pro-ominaisuus,Fonction Pro,Funció Pro,प्रो विशेषता,Pro funkcija,Pro funkció,Fitur Pro,Caratteristica Pro,Pro機能,Pro 기능,Pro-functie,Recurso Pro,Función Pro,Función Pro,Función Pro,Pro funkcija,Pro Özelliği,Recurso Pro,Pro Özelliği,คุณสมบัติ Pro,Profesyonel Özellik,Tính năng Pro
action.upgrade_to_pro,Upgrade to Pro,升级到 Pro,升級到 Pro,Upgrade naar Pro,الترقية إلى النسخة المحترفة,Actualitza a Pro,Upgrade auf Pro,Αναβάθμιση σε Pro,Actualizar a Pro,Päivitä Pro-versioon,Mettre à niveau vers Pro,Actualitza a Pro,प्रो में अपग्रेड करें,Nadogradnja na Pro,Frissítés Pro verzióra,Upgrade ke Pro,Aggiorna a Pro,Proにアップグレード,Pro로 업그레이드,Upgrade naar Pro,Atualizar para Pro,Actualizar a Pro,Actualizar a Pro,Actualizar a Pro,Nadogradnja na Pro,Pro'ya Yükselt,Atualizar para Pro,Pro'ya Yükselt,อัปเกรดเป็น Pro,Pro'ya yükseltin,Nâng cấp lên Pro
msg.pro_transcript,Upgrade to Pro to view the full transcript!,升级到 Pro 以查看完整的字幕！,升級到 Pro 以查看完整的字幕！,Upgrade naar Pro om de volledige transcriptie te bekijken!,الترقية إلى النسخة المحترفة لعرض النص الكامل!,Actualitza a Pro per veure la transcripció completa!,Upgrade auf Pro, um die vollständige Transkription zu sehen!,Αναβαθμίστε σε Pro για να δείτε την πλήρη μεταγραφή!,¡Actualiza a Pro para ver la transcripción completa!,Päivitä Pro-versioon nähdäksesi koko transkriptio!,Mettez à niveau vers Pro pour voir la transcription complète!,Actualitza a Pro per veure la transcripció completa!,पूर्ण प्रतिलेख देखने के लिए Pro पर अपग्र,Frissítsen Pro-ra a teljes átirat megtekintéséhez!,Tingkatkan ke Pro untuk melihat transkrip lengkap!,Esegui l'upgrade a Pro per visualizzare la trascrizione completa!,Proにアップグレードして、完全なトランスクリプトを表示してください!,Pro로 업그레이드하여 전체 대본을 확인하세요!,Upgrade naar Pro om het volledige transcript te bekijken!,Oppgrader til Pro for å se hele transkripsjonen!,"Uaktualnij do wersji Pro, aby wyświetlić pełną transkrypcję!",Atualize para o Pro para ver a transcrição completa!,Faceți upgrade la Pro pentru a vizualiza transcrierea completă!,Перейдите на Pro для просмотра полной стенограммы!,Nadogradite na Pro da biste videli ceo transkript!,Uppgradera till Pro för att se hela utskriften!,Boresha kwa Pro ili kuona nakala kamili!,อัปเกรดเป็น Pro เพื่อดูการถอดเสียงฉบับเต็ม!,Tam transkripti görüntülemek için Pro'ya yükseltin!,Nâng cấp lên Pro để xem bảng điểm đầy đủ!
msg.pro_transcript_limit_reached,Transcript limit reached. Please upgrade to Pro to access more transcripts.,已达到字幕限制。请升级到 Pro 以访问更多字幕。,已達到字幕限制。,Transkripsie limiet bereik. Gradeer asseblief op na Pro om toegang tot meer transkripsies te kry.,تم الوصول إلى حد النص. يرجى الترقية إلى Pro للوصول إلى المزيد من النصوص.,Límit de transcripció assolit. Actualitzeu a Pro per accedir a més transcripcions.,"Transkript-Limit erreicht. Bitte aktualisieren Sie auf Pro, um auf weitere Transkripte zugreifen zu können.",Συμπληρώθηκε το όριο μεταγραφής. Αναβαθμίστε σε Pro για να αποκτήσετε πρόσβαση σε περισσότερες μεταγραφές.,Se ha alcanzado el límite de transcripciones. Actualice a Pro para acceder a más transcripciones.,Transkriptioraja saavutettu. Päivitä Pro-versioon saadaksesi lisää transkriptioita.,Limite de transcription atteinte. Veuillez passer à Pro pour accéder à plus de transcriptions.,Sroicheadh teorainn trascríbhinne. Déan uasghrádú ar Pro chun rochtain a fháil ar níos mó tras-scríbhinní.,प्रतिलेख सीमा तक पहुँच गया. अधिक टेप तक पहुंचने के लिए कृपया प्रो में अपग्रेड करें।,Dosegnuto je ograničenje transkripta. Nadogradite na Pro da biste pristupili većem broju transkripata.,"Elérte az átirati korlátot. Kérjük, frissítsen Pro-ra, hogy további átiratokhoz férjen hozzá.",Batas transkrip tercapai. Harap tingkatkan ke Pro untuk mengakses lebih banyak transkrip.,Limite di trascrizione raggiunto. Si prega di eseguire l'upgrade a Pro per accedere a più trascrizioni.,字幕の制限に達しました。より多くのトランスクリプトにアクセスするには、Proにアップグレードしてください。,대본 제한에 도달했습니다. 더 많은 대본에 액세스하려면 Pro로 업그레이드하십시오.,Transcriptielimiet bereikt. Upgrade naar Pro om toegang te krijgen tot meer transcripties.,Transkripsjonsgrense nådd. Oppgrader til Pro for å få tilgang til flere transkripsjoner.,"Osiągnięto limit transkrypcji. Uaktualnij do wersji Pro, aby uzyskać dostęp do większej liczby transkrypcji.",Limite de transcrição atingido. Atualize para o Pro para acessar mais transcrições.,Limita de transcriere a fost atinsă. Vă rugăm să faceți upgrade la Pro pentru a accesa mai multe transcrieri.,"Достигнут лимит стенограммы. Пожалуйста, обновите статус до Pro, чтобы получить доступ к большему количеству стенограмм.",Dostignuta granica transkripta. Nadogradite na Pro da biste pristupili još transkripta.,Avskriftsgränsen har nåtts. Uppgradera till Pro för att få tillgång till fler utskrifter.,Ukomo wa Transcript umefikiwa. Tafadhali sasisha hadi Pro ili kufikia nakala zaidi.,ถึงขีดจํากัดการถอดเสียงแล้ว โปรดอัปเกรดเป็น Pro เพื่อเข้าถึงการถอดเสียงเพิ่มเติม,Transkript sınırına ulaşıldı. Daha fazla transkripte erişmek için lütfen Pro'ya yükseltin.,Đã đạt đến giới hạn bảng điểm. Vui lòng nâng cấp lên Pro để truy cập thêm bảng điểm.
action.speak,Speak,朗读,朗讀,Spreken,تحدث,Parla,Sprechen,Μιλήστε,Hablar,Puhu,Parler,Parla,बोलें,Govori,Beszél,Bicara,Parla,話す,말하기,Spreken,Falar,Hablar,Hablar,Hablar,Govori,Konuş,Conversar,Konuş,พูด,Speak,Nói
action.copy,Copy,复制,複製,Kopiëren,نسخ,Kopiar,Kopieren,Αντιγραφή,Copiar,Kopioi,Copier,Copiar,कॉपी,Kopiraj,Másol,Salin,Copia,コピー,복사,Kopiëren,Copiar,Copiar,Copiar,Copiar,Kopiraj,Kopyala,Copiar,Kopyala,Sao chép,Kopyala,Sao chép
msg.copy_success,Text copied to clipboard,文本已复制到剪贴板,文本已複製到剪貼板,Tekst gekopieerd naar klembord,تم نسخ النص إلى الحافظة,Text copiat al porta-retalls,Text in die Zwischenablage kopiert,Το κείμενο αντιγράφηκε στο πρόχειρο,Texto copiado al portapapeles,Teksti kopioitu leikepöydälle,Texte copié dans le presse-papiers,Text copiat,पाठ क्लिपबोर्ड पर कॉपी किया गया,Tekst kopiran u međuspremnik,Kijelölt szöveg másolva,Salin teks ke papan klip,Testo copiato negli appunti,テキストがクリップボードにコピーされました,텍스트가 클립보드에 복사되었습니다,Tekst gekopieerd naar klembord,Texto copiado,Copiado,Copiado,Copiado,Kopirano,Kopyalandı,Copiado,Kopyalandı,Đã sao chép văn bản,Panoya kopyalanan metin,Văn bản được sao chép vào khay nhớ tạm
chatgpt.prompt.base,"Succinctly explain using {{l1Name}}, what the {{l2Name}} ({{l2Code}}) word '{{word}}' means in the phrase '{{text}}'.",使用{{l1Name}}简洁地解释{{l2Name}}（{{l2Code}}）单词“{{word}}”在短语“{{text}}”中的含义。,使用{{l1Name}}簡潔地解釋{{l2Name}}（{{l2Code}}）單詞“{{word}}”在短語“{{text}}”中的含義。,"Verduidelik bondig met {{l1Name}}, wat die {{l2Name}} ({{l2Code}}) woord '{{word}}' beteken in die frase '{{text}}'.","اشرح بإيجاز باستخدام {{l1Name}} ما تعنيه كلمة PLACEHOLDER3{{l2Name}} ({{l2Code}}) في عبارة ""{{text}}"".","Expliqueu succintament amb {{l1Name}}, què vol dir la paraula {{l2Name}} ({{l2Code}}) ""{{word}}"" a la frase ""{{text}}"".","Erklären Sie kurz und bündig mit {{l1Name}}, was das {{l2Name}} ({{l2Code}}) Wort '{{word}}' in der Phrase '{{text}}' bedeutet.","Εξηγήστε συνοπτικά χρησιμοποιώντας {{l1Name}}, τι σημαίνει η λέξη {{l2Name}} ({{l2Code}}) '{{word}}' στη φράση '{{text}}'.","Explique sucintamente usando {{l1Name}}, lo que significa la palabra {{l2Name}} ({{l2Code}}) '{{word}}' en la frase '{{text}}'.","Selitä lyhyesti {{l1Name}} avulla, mitä {{l2Name}} ({{l2Code}}) -sana ""{{word}}"" tarkoittaa lauseessa ""{{text}}"".","Expliquez succinctement en utilisant {{l1Name}}, ce que le mot {{l2Name}}} ({{l2Code}}}) '{{word}}' signifie dans l’expression '{{text}}'.","Mínigh go gonta ag baint úsáide as {{l1Name}}, cad is brí leis an bhfocal {{l2Name}} ({{l2Code}}) '{{word}}' san abairt '{{text}}'.",{{l1Name}} का प्रयोग करके संक्षेप में समझाइए कि '{{l2Name}}' वाक्यांश '{{text}}' में {{}}} ({{l2Code}}) शब्द PLACEHOLDER3 का क्या अर्थ है?,"Sažeto objasnite koristeći {{{l1Name}}, što {{l2Name}} ({{l2Code}}) znači riječ '{{{word}}' u izrazu '{{{text}}'.","Röviden magyarázza el a {{l1Name}} használatával, hogy mit jelent a {{l2Name}} ({{l2Code}}) szó '{{word}}' a '{{text}}' kifejezésben.","Jelaskan secara ringkas menggunakan {{l1Name}}, apa arti kata {{l2Name}} ({{l2Code}}) '{{word}}' dalam frasa '{{text}}'.","Spiega brevemente usando {{l1Name}}, cosa significa la parola {{l2Name}} ({{l2Code}}) '{{word}}' nella frase '{{text}}'.",{{l2Name}}({{l2Code}})という単語「{{word}}」が「{{text}}」というフレーズで何を意味するのかを{{l1Name}}を使って簡潔に説明します。,'{{l2Name}} ({{l2Code}}) 단어 '{{word}}'가 '{{text}'에서 무엇을 의미하는지 {{l1Name}}를 사용하여 간결하게 설명하십시오.,"Leg kort en bondig uit met behulp van {{l1Name}}, wat het {{l2Name}} ({{l2Code}}) woord '{{word}}' betekent in de zin '{{text}}'.","Forklar kortfattet med {{l1Name}}, hva ordet {{l2Name}} ({{l2Code}}) betyr i uttrykket '{{PLACEHOLDER3 PLACEHOLDER4}}}'.","Zwięźle wyjaśnij, używając {{l1Name}}, co oznacza słowo {{l2Name}} ({{l2Code}}) ""{{word}}"" w wyrażeniu ""{{text}}}"".","Explique sucintamente usando {{l1Name}}, o que a palavra {{l2Name}} ({{l2Code}}) significa '{{word}}' na frase '{{text}}'.","Explicați succint folosind {{l1Name}}, ce înseamnă cuvântul {{l2Name}} ({{l2Code}}) din expresia ""{{PLACEHOLDER3 PLACEHOLDER4}}}"".","Кратко объясните, используя {{l1Name}}, что означает {{l2Name}} ({{l2Code}}) слово '{{word}}' во фразе '{{text}}'.","Sažeto objasnite koristeći {{l1Name}}, šta znači reč {{l2Name}} ({{l2Code}}) ""{{word}}PLACEHOLDER4"".",Förklara kortfattat med {{l1Name}} vad ordet {{l2Name}} ({{l2Code}}) {{word}}' betyder i frasen '{{text}}'.,"Kwa ufupi eleza kwa kutumia {{l1Name}}, neno {{l2Name}} ({{l2Code}}) neno '{{word}}' linamaanisha katika kishazi '{{text}}'.",อธิบายอย่างรวบรัดโดยใช้ {{l1Name}}}คําว่า {{l2Name}} ({{l2Code}}}) คําว่า '{{word}}}' หมายถึงอะไรในวลี '{{text}}',"{{l1Name}} kullanarak, '{{l2Name}} ({{l2Code}}) '{{word}}' ifadesindeki '{{}}}' kelime PLACEHOLDER4 sinin ne anlama geldiğini kısaca açıklayın.","Giải thích ngắn gọn bằng cách sử dụng {{l1Name}}, từ {{l2Name}} ({{l2Code}}) '{{word}}' có nghĩa là gì trong cụm từ '{{text}}'."
chatgpt.prompt.inflection,"Give its lemma, inflection, and morphology.",给出它的原型、变形和构词。,給出它的原型、變形和構詞。,"Gee sy lemma, verbuiging en morfologie.",أعط ليما ، انعطاف ، ومورفولوجيا.,"Doneu-li lema, inflexió i morfologia.","Geben Sie das Lemma, die Flexion und die Morphologie an.","Δώστε το λήμμα, την κλίση και τη μορφολογία του.","Dé su lema, inflexión y morfología.","Anna sen lemma, taivutus ja morfologia.","Donnez son lemme, son inflexion et sa morphologie.","Tabhair a lemma, infhilleadh, agus deilbhíocht.","इसकी लेम्मा, विभक्ति और आकृति विज्ञान दें।","Dajte mu lemmu, infleksiju i morfologiju.","Adja meg lemmáját, inflexióját és morfológiáját.","Berikan lemma, infleksi, dan morfologinya.","Fornisci il suo lemma, la flessione e la morfologia.",その補題、語形変化、形態を与えてください。,"기본형, 굴절 및 형태를 제공하십시오.","Geef het lemma, de verbuiging en de morfologie.","Gi dens lemma, bøyning og morfologi.","Podaj jego lemat, fleksję i morfologię.","Dê seu lema, inflexão e morfologia.","Dați-i lema, inflexiunea și morfologia.","Укажите его лемму, перегиб и морфологию.","Daj joj lemu, inflekciju i morfologiju.","Ge dess lemma, böjning och morfologi.","Kutoa lemma yake, inflection, na morphology.",ให้คําหลักการผันและสัณฐานวิทยา,"Lemmasını, bükülmesini ve morfolojisini verin.","Đưa ra lemma, biến tố và hình thái của nó."
action.let_chatgpt_explain,Ask AI,让 AI 解释,讓 AI 解釋,Laat AI uitleggen,اسأل الذكاء الاصطناعي,Deixa que l'IA ho expliqui,Lassen Sie die KI erklären,Ερωτήστε την τεχνητή νοημοσύνη,Deja que la IA lo explique,Anna tekoälyn selittää,Permettez à l'IA d'expliquer,Deixa que l'IA ho expliqui,एआई से पूछें,Neka AI objasni,Hadd AI magyarázza el,Biarkan AI menjelaskan,Lascia che l'IA spieghi,人工知能に尋ねる,인공지능에게 물어보기,Vraag AI,Deixe a IA explicar,Deja que la IA lo explique,Deja que la IA lo explique,Deja que la IA lo explique,Neka AI objasni,AI'ya sor,Deixe a IA explicar,Deixe a IA explicar,Hỏi AI,Haydi AI anlatsın,Hỏi AI
msg.pro_feature_chatgpt,"Only Pro users can use AI features in Language Player Go. To use this feature, upgrade to Pro.",只有 Pro 用户才能在 Language Player Go 中使用 AI 功能。要使用此功能，请升级到 Pro。,只有 Pro 用戶才能在 Language Player Go 中使用 AI 功能。要使用此功能，請升級到 Pro。,"Alleen Pro-gebruikers kunnen AI-functies in Language Player Go gebruiken. Om deze functie te gebruiken, upgrade naar Pro.",يمكن لمستخدمي Pro فقط استخدام ميزات الذكاء الاصطناعي في Language Player Go. لاستخدام هذه الميزة، قم بالترقية إلى Pro.,"Només els usuaris Pro poden utilitzar les funcions d'IA a Language Player Go. Per utilitzar aquesta funció, actualitza a Pro.","Nur Pro-Benutzer können KI-Funktionen in Language Player Go verwenden. Um diese Funktion zu verwenden, aktualisieren Sie auf Pro.","Μόνο οι χρήστες Pro μπορούν να χρησιμοποιήσουν τις λειτουργίες τεχνητής νοημοσύνης στο Language Player Go. Για να χρησιμοποιήσετε αυτήν τη λειτουργία, αναβαθμίστε σε Pro.","Solo los usuarios Pro pueden usar funciones de IA en Language Player Go. Para usar esta función, actualiza a Pro.","Vain Pro-käyttäjät voivat käyttää tekoälyn ominaisuuksia Language Player Go -sovelluksessa. Käyttääksesi tätä ominaisuutta, päivitä Pro-versioon.","Seuls les utilisateurs Pro peuvent utiliser les fonctionnalités d'IA dans Language Player Go. Pour utiliser cette fonctionnalité, passez à Pro.","Ní féidir ach le húsáideoirí Pro gnéithe AI a úsáid i Language Player Go. Chun an ghné seo a úsáid, uasghrádú go Pro.","केवल प्रो उपयोगकर्ता ही लैंग्वेज प्लेयर गो में एआई सुविधाओं का उपयोग कर सकते हैं। इस सुविधा का उपयोग करने के लिए, प्रो में अपग्रेड करें।","Samo Pro korisnici mogu koristiti značajke umjetne inteligencije u aplikaciji Language Player Go. Da biste koristili ovu značajku, nadogradite na Pro.",Csak a Pro felhasználók használhatják a Language Player Go AI funkcióit. A funkció használatához frissítsen Pro-ra.,"Hanya pengguna Pro yang dapat menggunakan fitur AI di Language Player Go. Untuk menggunakan fitur ini, tingkatkan ke Pro.","Solo gli utenti Pro possono utilizzare le funzionalità AI in Language Player Go. Per utilizzare questa funzione, eseguire l'aggiornamento a Pro.",Language Player Go で AI 機能を使用できるのは Pro ユーザーのみです。この機能を使用するには、Pro にアップグレードしてください。,Pro 사용자만 Language Player Go에서 AI 기능을 사용할 수 있습니다. 이 기능을 사용하려면 Pro로 업그레이드하십시오.,"Alleen Pro-gebruikers kunnen AI-functies gebruiken in Language Player Go. Als u deze functie wilt gebruiken, moet u upgraden naar Pro.","Bare Pro-brukere kan bruke AI-funksjoner i Language Player Go. For å bruke denne funksjonen, oppgrader til Pro.","Tylko użytkownicy wersji Pro mogą korzystać z funkcji sztucznej inteligencji w Language Player Go. Aby korzystać z tej funkcji, uaktualnij do wersji Pro.","Apenas usuários Pro podem usar recursos de IA no Language Player Go. Para usar esse recurso, atualize para o Pro.","Numai utilizatorii Pro pot utiliza funcțiile AI în Language Player Go. Pentru a utiliza această caracteristică, faceți upgrade la Pro.","Только пользователи Pro могут использовать функции ИИ в Language Player Go. Чтобы использовать эту функцию, выполните обновление до Pro.","Samo Pro korisnici mogu da koriste AI funkcije u programu Language Player Go. Da biste koristili ovu funkciju, nadogradite na Pro.",Endast Pro-användare kan använda AI-funktioner i Language Player Go. Om du vill använda den här funktionen uppgraderar du till Pro.,"Watumiaji wa Pro tu ndio wanaweza kutumia vipengele vya AI katika Kicheza Lugha Go. Ili kutumia kipengele hiki, boresha hadi Pro.",เฉพาะผู้ใช้ Pro เท่านั้นที่สามารถใช้คุณสมบัติ AI ใน Language Player Go ได้ หากต้องการใช้คุณสมบัตินี้ ให้อัปเกรดเป็น Pro,Language Player Go'da AI özelliklerini yalnızca Pro kullanıcıları kullanabilir. Bu özelliği kullanmak için Pro'ya yükseltin.,"Chỉ người dùng Pro mới có thể sử dụng các tính năng AI trong Language Player Go. Để sử dụng tính năng này, hãy nâng cấp lên Pro."
log.loading_dictionary,Loading the dictionary...,正在加载字典...,正在加載字典...,Het woordenboek wordt geladen...,جاري تحميل القاموس...,Carregant el diccionari...,Wörterbuch wird geladen...,Φόρτωση του λεξικού...,Cargando el diccionario...,Ladataan sanakirjaa...,Chargement du dictionnaire...,Carregant el diccionari...,शब्दकोश लोड हो रहा है...,Učitavanje rječnika...,Szótár betöltése...,Memuat kamus...,Caricamento del dizionario...,辞書を読み込んでいます...,사전을 로드하는 중...,Woordenboek wordt geladen...,Carregando o dicionário...,Cargando el diccionario...,Cargando el diccionario...,Cargando el diccionario...,Učitavanje rječnika...,Sözlük yükleniyor...,Carregando o dicionário...,Sözlük yükleniyor...,กำลังโหลดพจนานุกรม...,Sözlük yükleniyor...,Đang tải từ điển...
log.dictionary_ready,Dictionary is ready and loaded.,字典已加载就绪。,字典已加載就緒。,Woordenboek is klaar en geladen.,تم تحميل القاموس وجاهز.,El diccionari està llest i carregat.,Wörterbuch ist bereit und geladen.,Το λεξικό είναι έτοιμο και φορτώθηκε.,El diccionario está listo y cargado.,Sanakirja on valmis ja ladattu.,Le dictionnaire est prêt et chargé.,El diccionari està llest i carregat.,शब्दकोश तैयार है और लोड हो गया है।,Rječnik je spreman i učitan.,A szótár készen áll és betöltve.,Kamus siap dan dimuat.,Dizionario pronto e caricato.,辞書が準備され、読み込まれました。,사전이 준비되었으며 로드되었습니다.,Woordenboek is klaar en geladen.,Dicionário pronto e carregado.,Diccionario listo y cargado.,Diccionario listo y cargado.,Diccionario listo y cargado.,Rječnik je spreman i učitan.,Sözlük hazır ve yüklendi.,Dicionário pronto e carregado.,Sözlük hazır ve yüklendi.,พจนานุกรมพร้อมและถูกโหลดแล้ว.,Sözlük hazır ve yüklendi.,Từ điển đã sẵn sàng và được tải.
log.failed_load_dictionary,Failed to load dictionary: {{error}},无法加载字典：{{error}},無法加載字典：{{error}},Kan woordenboek niet laden: {{error}},فشل تحميل القاموس: {{error}},No s'ha pogut carregar el diccionari: {{error}},Wörterbuch konnte nicht geladen werden: {{error}},Αποτυχία φόρτωσης λεξικού: {{error}},Error al cargar el diccionario: {{error}},Sanakirjan lataaminen epäonnistui: {{error}},Échec du chargement du dictionnaire : {{error}},No s'ha pogut carregar el diccionari: {{error}},शब्दकोश लोड करने में विफल: {{error}},Neuspjelo učitavanje rječnika: {{error}},Nem sikerült betölteni a szótárat: {{error}},Gagal memuat kamus: {{error}},Errore durante il caricamento del dizionario: {{error}},辞書の読み込みに失敗しました: {{error}},사전을 로드하는 데 실패했습니다: {{error}},Kan woordenboek niet laden: {{error}},Falha ao carregar o dicionário: {{error}},Error al cargar el diccionario: {{error}},Error al cargar el diccionario: {{error}},Error al cargar el diccionario: {{error}},Neuspjelo učitavanje rječnika: {{error}},Sözlük yüklenemedi: {{error}},Falha ao carregar o dicionário: {{error}},Sözlük yüklenemedi: {{error}},การโหลดพจนานุกรมล้มเหลว: {{error}},Sözlük yüklenemedi: {{error}},Không thể tải từ điển: {{error}}
title.loading_dictionary,Loading {{language}} Dictionary,正在加载{{language}}字典,正在加載{{language}}字典,{{language}}-woordenboek laden,تحميل قاموس {{language}},Carregant el diccionari {{language}},{{language}}-Wörterbuch wird geladen,Φόρτωση λεξικού {{language}},Cargando diccionario {{language}},Ladataan {{language}}-sanakirjaa,Chargement du dictionnaire {{language}},Carregant el diccionari {{language}},{{language}} शब्दकोश लोड हो रहा है,Učitavanje rječnika {{language}},{{language}} szótár betöltése,Memuat kamus {{language}},Caricamento dizionario {{language}},{{language}} 辞書の読み込み,{{language}} 사전 로드 중,Woordenboek {{language}} laden,Carregando dicionário {{language}},Cargando diccionario {{language}},Cargando diccionario {{language}},Cargando diccionario {{language}},Učitavanje rječnika {{language}},{{language}} Sözlük yükleniyor,Carregando dicionário {{language}},{{language}} Sözlük yükleniyor,กำลังโหลดพจนานุกรม {{language}},{{language}} Sözlük yükleniyor,Đang tải từ điển {{language}}
msg.initializing,Initializing...,初始化中...,初始化中...,Initialiseren...,جاري التهيئة...,S'està inicialitzant...,Initialisierung...,Αρχικοποίηση...,Inicializando...,Alustetaan...,Initialisation...,S'està inicialitzant...,आरंभ किया जा रहा है...,Inicijalizacija...,Inicializálás...,Inisialisasi...,Inizializzazione...,初期化中...,초기화 중...,Initialiseren...,Inicializando...,Inicializando...,Inicializando...,Inicializando...,Inicijalizacija...,Başlatılıyor...,Inicializando...,Inicializando...,Khởi tạo...,Başlatılıyor...,Khởi xướng...
log.database_already_loaded,Database already loaded.,数据库已加载。,数据库已加載。,Database is al geladen.,تم تحميل قاعدة البيانات بالفعل.,La base de dades ja està carregada.,Datenbank bereits geladen.,Η βάση δεδομένων έχει ήδη φορτωθεί.,Base de datos ya cargada.,Tietokanta on jo ladattu.,Base de données déjà chargée.,La base de dades ja està carregada.,डेटाबेस पहले से ही लोड है।,Baza podataka već je učitana.,Az adatbázis már betöltve.,Database sudah dimuat.,Database già caricato.,データベースはすでに読み込まれています。,데이터베이스가 이미 로드되었습니다.,Database is al geladen.,Base de dados já carregada.,Base de datos ya cargada.,Base de datos ya cargada.,Base de datos ya cargada.,Baza podataka već je učitana.,Veritabanı zaten yüklendi.,Base de dados já carregada.,Base de datos ya cargada.,Cơ sở dữ liệu đã được tải.,Veritabanı zaten yüklendi.,Cơ sở dữ liệu đã được tải.
log.downloading,Downloading...,下载中...,下載中...,Downloaden...,جاري التنزيل...,S'està descarregant...,Herunterladen...,Λήψη...,Descargando...,Lataaminen...,Téléchargement...,S'està descarregant...,डाउनलोड हो रहा है...,Preuzimanje...,Letöltés...,Mengunduh...,Scaricamento...,ダウンロード中...,다운로드 중...,Downloaden...,Baixando...,Descargando...,Descargando...,Descargando...,Preuzimanje...,İndiriliyor...,Baixando...,Descargando...,Đang tải xuống...,Indiriyor...,Tải...
log.processing,Processing...,处理中...,處理中...,Verwerken...,جاري المعالجة...,S'està processant...,Verarbeitung...,Επεξεργασία...,Procesando...,Käsittelyssä...,Traitement...,S'està processant...,प्रोसेसिंग हो रहा है...,Obrada...,Feldolgozás...,Memproses...,Elaborazione...,処理中...,처리 중...,Verwerken...,Processando...,Procesando...,Procesando...,Procesando...,Obrada...,İşleniyor...,Processando...,Procesando...,Đang xử lý...,Işleme...,Xử lý...
log.entries_processed,{{count}} entries processed. Indexing...,已处理{{count}}条目。正在索引...,已處理{{count}}條目。正在索引...,{{count}} vermeldingen verwerkt. Indexeren...,تم معالجة {{count}} إدخال. جاري فهرسة...,S'han processat {{count}} entrades. Indexant...,{{count}} Einträge verarbeitet. Indizierung...,Επεξεργάστηκαν {{count}} καταχωρήσεις. Γίνεται ευρετήριο...,{{count}} entradas procesadas. Indexando...,{{count}} merkintää käsitelty. Indeksoidaan...,{{count}} entrées traitées. Indexation...,S'han processat {{count}} entrades. Indexant...,{{count}} प्रविष्टियाँ प्रोसेस हुईं। इंडेक्सिंग हो रहा है...,Obradili su se {{count}} unosa. Indeksiranje...,{{count}} bejegyzés feldolgozva. Indexelés...,{{count}} entri diproses. Indexing...,{{count}} voci elaborate. Indicizzazione...,{{count}}エントリが処理されました。インデックス作成中...,{{count}} 항목 처리됨. 색인 작업 중...,{{count}} vermeldingen verwerkt. Indexeren...,{{count}} entradas processadas. Indexando...,{{count}} entradas processadas. Indexando...,{{count}} entradas processadas. Indexando...,Obradjeno je {{count}} unosa. Indeksiranje...,{{count}} giriş işlendi. İndeksleniyor...,{{count}} entradas processadas. Indexando...,{{count}} entradas processadas. Indexando...,{{count}} mục đã được xử lý. Đang tạo chỉ mục...,{{count}} รายการที่ประมวลผล ดัชนี   ,{{count}} girişler işlendi. Dizin...,{{count}} các bài dự thi đã được xử lý. Indexing...
log.dictionary_ready,Dictionary ready!,字典已准备就绪！,字典已準備就緒！,Woordenboek gereed!,القاموس جاهز!,Diccionari llest!,Wörterbuch bereit!,Το λεξικό είναι έτοιμο!,Diccionario listo!,Sanakirja valmis!,Dictionnaire prêt!,Diccionari llest!,शब्दकोश तैयार है!,Rječnik je spreman!,A szótár készen áll!,Kamus siap!,Dizionario pronto!,辞書が準備完了！,사전 준비 완료!,Woordenboek gereed!,Dicionário pronto!,Diccionario listo!,Diccionario listo!,Diccionario listo!,Rječnik je spreman!,Sözlük hazır!,Dicionário pronto!,Sözlük hazır!,พจนานุกรมพร้อม!,Sözlük hazır!,Từ điển đã sẵn sàng!
placeholder.select_language,Select a language,选择一种语言,選擇一種語言,Kies een taal,اختر لغة,Selecciona un idioma,Wählen Sie eine Sprache,Επιλέξτε γλώσσα,Selecciona un idioma,Valitse kieli,Sélectionnez une langue,Selecciona un idioma,एक भाषा चुनें,Odaberite jezik,Válasszon nyelvet,Pilih bahasa,Scegli una lingua,言語を選択,언어 선택,Kies een taal,Selecione um idioma,Selecciona un idioma,Selecciona un idioma,Selecciona un idioma,Odaberite jezik,Dil seçin,Selecione um idioma,Seçiniz,Chọn một ngôn ngữ,Bir dil seçin,Chọn ngôn ngữ
placeholder.dict_search,"Search {{l2Name}}, {{altField}} or {{dictL1Name}}...",搜索 {{l2Name}}、{{altField}} 或 {{dictL1Name}}...,搜索 {{l2Name}}、{{altField}} 或 {{dictL1Name}}...,"Search {{l2Name}}, {{altField}} of {{dictL1Name}}...",البحث {{l2Name}} أو {{altField}} أو {{dictL1Name}}...,"Cerca {{l2Name}}, {{altField}} o {{dictL1Name}}...","Suche nach {{l2Name}}, {{altField}} oder {{dictL1Name}}...","Αναζήτηση {{l2Name}}, {{altField}} ή {{dictL1Name}}...","Busca {{l2Name}}, {{altField}} o {{dictL1Name}}...","Hae {{l2Name}}, {{altField}} tai {{dictL1Name}}...","Recherchez {{l2Name}}, {{altField}} ou {{dictL1Name}}}...","Cuardaigh {{l2Name}}, {{altField}} nó {{dictL1Name}}...","{{l2Name}}, {{altField}} या {{dictL1Name}} खोजें...","Pretraživanje {{l2Name}}, {{altField}} ili {{dictL1Name}}...","Keresés {{l2Name}}, {{altField}} vagy {{dictL1Name}}...","Cari {{l2Name}}, {{altField}} atau {{dictL1Name}}...","Cerca {{l2Name}}, {{altField}} o {{dictL1Name}}...",{{l2Name}}、{{altField}}、または{{dictL1Name}}を検索してください...,"{{l2Name}}, {{altField}}, {{dictL1Name}} 검색...","Zoek naar {{l2Name}}, {{altField}} of {{dictL1Name}}...","Søk {{l2Name}}, {{altField}} eller {{dictL1Name}}...","Szukaj {{l2Name}}, {{altField}} lub {{dictL1Name}}...","Pesquise {{l2Name}}, {{altField}} ou {{dictL1Name}}...","Căutați {{l2Name}}, {{altField}} sau {{dictL1Name}}...","Поиск {{l2Name}}, {{altField}} или {{dictL1Name}}...","Pretraga {{l2Name}}, {{altField}} ili {{dictL1Name}}}","Sök {{l2Name}}, {{altField}} eller {{dictL1Name}}...","Tafuta {{l2Name}}, {{altField}} au {{dictL1Name}}...","ค้นหา {{l2Name}}, {{altField}} หรือ {{dictL1Name}}...","{{l2Name}}, {{altField}} veya {{dictL1Name}} araması yapın...","Tìm kiếm {{l2Name}}, {{altField}} hoặc {{dictL1Name}}..."
word.pinyin,Pinyin,拼音,拼音,Pinyin,بينيين,Pinyin,Pinyin,Πινγίν,Pinyin,Pinyin,Pinyin,PinyinName,पिनयिन,Pinyin,Pinjin,Pinyin,Pinyin,ピンイン,병음,Pinyin,Pinyin,Pinyin,Pinyin,Pinyin,Пиньинь,Pinjin,Pinyin,Pinyin,พินอิน,Pinyin,Pinyin
word.kana,Kana,假名,假名,Kana,كانا,Kana,Kana,Κανα,Kana,Kana,Kana,KanaGenericName,काना,Kana,Kana,Kana,Kana,仮名,가나,Kana,Kana,Kana,Kana,Kana,Кана,Kana Kana,Kana,Kana,คานะ,Kana,Kana
word.hanja,Hanja,汉字,漢字,Hanja,هانجا,Hanja,Hanja,Χάντζα,Hanja,Hanja,Hanja,HanjaName,हंजा,Hanja,Hanja,Hanja,Hanja,漢字,한자(漢��,Hanja,Hanja,Hanja,Hanja,Hanja,Ханча,Hanja,Hanja Hanja,Hanja,ฮันจา,Hanja Belediyesi,Hanja
title.dictionary,Dictionary,词典,詞典,Dictionary,القاموس,Diccionari,Wörterbuch,Λεξικό,Diccionario,Sanakirja,Dictionnaire,Diccionari,शब्दकोश,Rječnik,Szótár,Kamus,Dizionario,辞書,사전,Dictionary,Dicionário,Diccionario,Diccionario,Diccionario,Rječnik,Sözlük,Dicionário,Sözlük,พจนานุกรม,Sözlük,Từ điển
error.entry_not_found,Entry not found or dictionary not loaded,找不到条目或词典未加载,找不到條目或詞典未載入,Inskrywing nie gevind nie of woordeboek nie gelaai nie